label,1ch,2ch,3ch
0.0,-342.0,-285.0,19.0
0.0,-341.0,-284.0,19.0
0.0,-339.0,-283.0,19.0
0.0,-338.0,-283.0,19.0
0.0,-337.0,-282.0,19.0
0.0,-335.0,-281.0,19.0
0.0,-335.0,-279.0,19.0
0.0,-336.0,488.0,16.0
0.0,-337.0,488.0,16.0
0.0,-336.0,488.0,16.0
0.0,-113.0,488.0,16.0
0.0,483.0,488.0,13.0
0.0,484.0,489.0,14.0
0.0,484.0,489.0,14.0
0.0,484.0,93.0,15.0
0.0,484.0,92.0,15.0
0.0,484.0,-123.0,16.0
0.0,484.0,-293.0,16.0
0.0,399.0,-289.0,18.0
0.0,-183.0,-287.0,19.0
0.0,-342.0,-286.0,19.0
0.0,-340.0,-284.0,19.0
0.0,-339.0,-284.0,19.0
0.0,-338.0,-283.0,19.0
0.0,-337.0,-282.0,19.0
0.0,-336.0,-281.0,19.0
0.0,-335.0,-279.0,19.0
0.0,-336.0,488.0,16.0
0.0,-337.0,488.0,16.0
0.0,-336.0,488.0,16.0
0.0,-95.0,488.0,15.0
0.0,483.0,489.0,14.0
0.0,484.0,489.0,13.0
0.0,484.0,488.0,15.0
0.0,484.0,95.0,15.0
0.0,484.0,88.0,15.0
0.0,484.0,-128.0,16.0
0.0,483.0,-294.0,16.0
0.0,387.0,-289.0,18.0
0.0,-194.0,-287.0,19.0
0.0,-342.0,-286.0,19.0
0.0,-340.0,-285.0,19.0
0.0,-339.0,-284.0,19.0
0.0,-338.0,-283.0,19.0
0.0,-337.0,-282.0,19.0
0.0,-335.0,-281.0,19.0
0.0,-335.0,-279.0,19.0
0.0,-337.0,488.0,16.0
0.0,-338.0,488.0,16.0
0.0,-336.0,489.0,16.0
0.0,-77.0,488.0,15.0
0.0,484.0,489.0,13.0
0.0,484.0,489.0,13.0
0.0,483.0,489.0,15.0
0.0,484.0,97.0,15.0
0.0,484.0,85.0,15.0
0.0,484.0,-140.0,16.0
0.0,483.0,-294.0,16.0
0.0,367.0,-289.0,18.0
0.0,-215.0,-287.0,19.0
0.0,-342.0,-286.0,19.0
0.0,-340.0,-285.0,19.0
0.0,-339.0,-283.0,19.0
0.0,-338.0,-283.0,19.0
0.0,-337.0,-282.0,19.0
0.0,-336.0,-281.0,19.0
0.0,-335.0,-278.0,19.0
0.0,-337.0,488.0,16.0
0.0,-337.0,488.0,16.0
0.0,-336.0,488.0,16.0
0.0,-43.0,488.0,15.0
0.0,484.0,489.0,13.0
0.0,484.0,489.0,13.0
0.0,484.0,489.0,15.0
0.0,484.0,96.0,15.0
0.0,484.0,84.0,15.0
0.0,484.0,-148.0,16.0
0.0,484.0,-294.0,16.0
0.0,357.0,-290.0,18.0
0.0,-231.0,-287.0,19.0
0.0,-342.0,-286.0,19.0
0.0,-340.0,-285.0,19.0
0.0,-339.0,-284.0,19.0
0.0,-338.0,-283.0,19.0
0.0,-336.0,-282.0,19.0
0.0,-335.0,-281.0,19.0
0.0,-334.0,-274.0,19.0
0.0,-337.0,488.0,16.0
0.0,-337.0,488.0,16.0
0.0,-336.0,488.0,16.0
0.0,-28.0,488.0,15.0
0.0,484.0,489.0,13.0
0.0,484.0,489.0,13.0
0.0,484.0,478.0,15.0
0.0,484.0,98.0,15.0
0.0,484.0,80.0,15.0
0.0,484.0,-155.0,16.0
0.0,484.0,-294.0,16.0
0.0,339.0,-290.0,18.0
0.0,-254.0,-287.0,19.0
0.0,-341.0,-286.0,19.0
0.0,-340.0,-285.0,19.0
0.0,-339.0,-284.0,19.0
0.0,-337.0,-283.0,19.0
0.0,-336.0,-282.0,19.0
0.0,-335.0,-281.0,19.0
0.0,-334.0,-233.0,19.0
0.0,-338.0,488.0,16.0
0.0,-337.0,488.0,16.0
0.0,-336.0,488.0,16.0
0.0,6.0,488.0,15.0
0.0,484.0,488.0,13.0
0.0,484.0,489.0,14.0
0.0,484.0,439.0,15.0
0.0,483.0,95.0,15.0
0.0,484.0,79.0,15.0
0.0,484.0,-168.0,16.0
0.0,484.0,-295.0,16.0
0.0,330.0,-290.0,18.0
0.0,-270.0,-287.0,19.0
0.0,-341.0,-286.0,19.0
0.0,-340.0,-285.0,19.0
0.0,-339.0,-285.0,19.0
0.0,-338.0,-283.0,19.0
0.0,-337.0,-283.0,19.0
0.0,-335.0,-282.0,19.0
0.0,-334.0,-203.0,19.0
0.0,-338.0,488.0,16.0
0.0,-337.0,488.0,16.0
0.0,-336.0,488.0,16.0
0.0,28.0,488.0,15.0
0.0,484.0,489.0,13.0
0.0,484.0,489.0,13.0
0.0,484.0,411.0,15.0
0.0,484.0,98.0,15.0
0.0,484.0,70.0,15.0
0.0,484.0,-178.0,16.0
0.0,484.0,-295.0,16.0
0.0,307.0,-290.0,18.0
0.0,-291.0,-287.0,19.0
0.0,-341.0,-287.0,19.0
0.0,-340.0,-285.0,19.0
0.0,-339.0,-285.0,19.0
0.0,-338.0,-284.0,19.0
0.0,-336.0,-282.0,19.0
0.0,-335.0,-282.0,19.0
0.0,-334.0,-160.0,19.0
0.0,-338.0,488.0,16.0
0.0,-336.0,488.0,16.0
0.0,-336.0,488.0,16.0
0.0,51.0,488.0,15.0
0.0,484.0,489.0,13.0
0.0,484.0,489.0,14.0
0.0,484.0,362.0,15.0
0.0,484.0,103.0,15.0
0.0,484.0,64.0,15.0
0.0,484.0,-192.0,16.0
0.0,483.0,-295.0,16.0
0.0,289.0,-290.0,18.0
0.0,-305.0,-288.0,19.0
0.0,-341.0,-287.0,19.0
0.0,-340.0,-286.0,19.0
0.0,-339.0,-285.0,19.0
0.0,-337.0,-284.0,19.0
0.0,-336.0,-283.0,19.0
0.0,-335.0,-282.0,19.0
0.0,-334.0,-135.0,19.0
0.0,-338.0,488.0,16.0
0.0,-337.0,488.0,16.0
0.0,-336.0,488.0,16.0
0.0,67.0,488.0,15.0
0.0,484.0,489.0,14.0
0.0,484.0,489.0,14.0
0.0,484.0,345.0,15.0
0.0,484.0,100.0,15.0
0.0,484.0,62.0,15.0
0.0,483.0,-199.0,16.0
0.0,483.0,-295.0,16.0
0.0,274.0,-290.0,18.0
0.0,-323.0,-288.0,19.0
0.0,-341.0,-287.0,19.0
0.0,-340.0,-286.0,19.0
0.0,-339.0,-285.0,19.0
0.0,-338.0,-284.0,19.0
0.0,-336.0,-283.0,19.0
0.0,-335.0,-282.0,19.0
0.0,-334.0,-92.0,19.0
0.0,-338.0,488.0,16.0
0.0,-337.0,488.0,16.0
0.0,-336.0,488.0,16.0
0.0,90.0,488.0,15.0
0.0,484.0,488.0,13.0
0.0,484.0,489.0,14.0
0.0,484.0,291.0,15.0
0.0,484.0,103.0,15.0
0.0,484.0,52.0,15.0
0.0,484.0,-213.0,16.0
0.0,484.0,-295.0,16.0
0.0,251.0,-291.0,18.0
0.0,-339.0,-288.0,19.0
0.0,-341.0,-287.0,19.0
0.0,-340.0,-286.0,19.0
0.0,-339.0,-285.0,19.0
0.0,-337.0,-284.0,19.0
0.0,-336.0,-283.0,19.0
0.0,-335.0,-282.0,19.0
0.0,-334.0,-79.0,19.0
0.0,-338.0,488.0,16.0
0.0,-337.0,488.0,16.0
0.0,-336.0,488.0,16.0
0.0,114.0,488.0,15.0
0.0,484.0,489.0,14.0
0.0,484.0,489.0,14.0
0.0,484.0,259.0,15.0
0.0,483.0,102.0,15.0
0.0,483.0,52.0,16.0
0.0,483.0,-222.0,16.0
0.0,483.0,-295.0,16.0
0.0,244.0,-291.0,18.0
0.0,-341.0,-288.0,19.0
0.0,-341.0,-287.0,19.0
0.0,-340.0,-286.0,19.0
0.0,-339.0,-286.0,19.0
0.0,-337.0,-284.0,19.0
0.0,-336.0,-283.0,19.0
0.0,-335.0,-282.0,19.0
0.0,-334.0,-45.0,19.0
0.0,-338.0,488.0,16.0
0.0,-337.0,488.0,16.0
0.0,-336.0,488.0,16.0
0.0,147.0,488.0,15.0
0.0,484.0,488.0,13.0
0.0,484.0,489.0,13.0
0.0,484.0,210.0,15.0
0.0,484.0,108.0,15.0
0.0,484.0,42.0,16.0
0.0,484.0,-231.0,16.0
0.0,484.0,-296.0,16.0
0.0,217.0,-291.0,18.0
0.0,-342.0,-288.0,19.0
0.0,-341.0,-287.0,19.0
0.0,-340.0,-286.0,19.0
0.0,-339.0,-285.0,19.0
0.0,-337.0,-284.0,19.0
0.0,-336.0,-283.0,19.0
0.0,-335.0,-283.0,19.0
0.0,-334.0,-18.0,19.0
0.0,-338.0,488.0,16.0
0.0,-337.0,488.0,16.0
0.0,-336.0,488.0,16.0
0.0,163.0,488.0,15.0
0.0,484.0,488.0,13.0
0.0,484.0,489.0,13.0
0.0,484.0,175.0,15.0
0.0,484.0,109.0,15.0
0.0,484.0,35.0,16.0
0.0,484.0,-239.0,16.0
0.0,484.0,-296.0,16.0
0.0,204.0,-291.0,18.0
0.0,-342.0,-288.0,19.0
0.0,-341.0,-287.0,19.0
0.0,-340.0,-287.0,19.0
0.0,-339.0,-286.0,19.0
0.0,-337.0,-285.0,19.0
0.0,-336.0,-284.0,19.0
0.0,-335.0,-283.0,19.0
0.0,-334.0,11.0,18.0
0.0,-338.0,488.0,16.0
0.0,-337.0,488.0,16.0
0.0,-336.0,488.0,16.0
0.0,191.0,488.0,15.0
0.0,484.0,489.0,13.0
0.0,484.0,489.0,14.0
0.0,484.0,126.0,15.0
0.0,484.0,109.0,15.0
0.0,484.0,36.0,16.0
0.0,484.0,-252.0,16.0
0.0,484.0,-296.0,16.0
0.0,181.0,-291.0,18.0
0.0,-342.0,-289.0,19.0
0.0,-341.0,-288.0,19.0
0.0,-340.0,-287.0,19.0
0.0,-339.0,-286.0,19.0
0.0,-337.0,-284.0,19.0
0.0,-336.0,-284.0,19.0
0.0,-335.0,-283.0,19.0
0.0,-334.0,42.0,18.0
0.0,-338.0,488.0,16.0
0.0,-337.0,488.0,16.0
0.0,-336.0,488.0,16.0
0.0,206.0,488.0,15.0
0.0,484.0,489.0,14.0
0.0,484.0,488.0,14.0
0.0,484.0,105.0,15.0
0.0,484.0,111.0,15.0
0.0,484.0,30.0,16.0
0.0,484.0,-260.0,16.0
0.0,484.0,-296.0,16.0
0.0,167.0,-292.0,18.0
0.0,-342.0,-289.0,19.0
0.0,-341.0,-288.0,19.0
0.0,-340.0,-287.0,19.0
0.0,-339.0,-286.0,19.0
0.0,-337.0,-285.0,19.0
0.0,-336.0,-284.0,19.0
0.0,-335.0,-283.0,19.0
0.0,-334.0,65.0,18.0
0.0,-338.0,488.0,16.0
0.0,-337.0,488.0,16.0
0.0,-336.0,488.0,16.0
0.0,227.0,488.0,15.0
0.0,484.0,489.0,14.0
0.0,484.0,489.0,14.0
0.0,483.0,81.0,15.0
0.0,484.0,107.0,15.0
0.0,484.0,25.0,16.0
0.0,484.0,-275.0,16.0
0.0,484.0,-296.0,16.0
0.0,152.0,-292.0,18.0
0.0,-342.0,-289.0,19.0
0.0,-341.0,-288.0,19.0
0.0,-340.0,-287.0,19.0
0.0,-339.0,-286.0,19.0
0.0,-337.0,-285.0,19.0
0.0,-336.0,-284.0,19.0
0.0,-335.0,-283.0,19.0
0.0,-334.0,99.0,18.0
0.0,-338.0,489.0,16.0
0.0,-336.0,488.0,16.0
0.0,-336.0,488.0,16.0
0.0,250.0,489.0,15.0
0.0,484.0,488.0,13.0
0.0,484.0,489.0,14.0
0.0,484.0,76.0,15.0
0.0,484.0,108.0,15.0
0.0,484.0,19.0,16.0
0.0,484.0,-284.0,16.0
0.0,484.0,-296.0,16.0
0.0,129.0,-292.0,18.0
0.0,-342.0,-289.0,19.0
0.0,-341.0,-288.0,19.0
0.0,-340.0,-287.0,19.0
0.0,-339.0,-286.0,19.0
0.0,-337.0,-285.0,19.0
0.0,-336.0,-284.0,19.0
0.0,-335.0,-283.0,19.0
0.0,-334.0,117.0,18.0
0.0,-338.0,488.0,16.0
0.0,-337.0,488.0,16.0
0.0,-336.0,488.0,16.0
0.0,268.0,488.0,15.0
0.0,484.0,489.0,13.0
0.0,484.0,489.0,13.0
0.0,484.0,76.0,15.0
0.0,484.0,111.0,15.0
0.0,484.0,11.0,16.0
0.0,483.0,-293.0,16.0
0.0,483.0,-297.0,16.0
0.0,108.0,-292.0,19.0
0.0,-342.0,-289.0,19.0
0.0,-341.0,-288.0,19.0
0.0,-340.0,-288.0,19.0
0.0,-339.0,-286.0,19.0
0.0,-337.0,-286.0,19.0
0.0,-336.0,-284.0,19.0
0.0,-335.0,-284.0,19.0
0.0,-334.0,152.0,18.0
0.0,-338.0,488.0,16.0
0.0,-337.0,488.0,16.0
0.0,-336.0,488.0,17.0
0.0,286.0,489.0,15.0
0.0,484.0,488.0,14.0
0.0,484.0,489.0,14.0
0.0,484.0,78.0,15.0
0.0,484.0,107.0,15.0
0.0,484.0,3.0,16.0
0.0,484.0,-296.0,16.0
0.0,484.0,-296.0,16.0
0.0,98.0,-293.0,19.0
0.0,-342.0,-290.0,19.0
0.0,-341.0,-289.0,19.0
0.0,-339.0,-288.0,19.0
0.0,-338.0,-287.0,19.0
0.0,-337.0,-286.0,19.0
0.0,-336.0,-285.0,19.0
0.0,-335.0,-284.0,19.0
0.0,-334.0,178.0,18.0
0.0,-338.0,488.0,16.0
0.0,-337.0,488.0,16.0
0.0,-336.0,488.0,19.0
0.0,302.0,488.0,15.0
0.0,484.0,489.0,13.0
0.0,484.0,489.0,14.0
0.0,484.0,79.0,15.0
0.0,484.0,111.0,15.0
0.0,484.0,-4.0,16.0
0.0,484.0,-297.0,16.0
0.0,484.0,-297.0,16.0
0.0,73.0,-293.0,19.0
0.0,-342.0,-290.0,19.0
0.0,-341.0,-288.0,19.0
0.0,-339.0,-288.0,19.0
0.0,-338.0,-287.0,19.0
0.0,-337.0,-286.0,19.0
0.0,-336.0,-285.0,19.0
0.0,-335.0,-284.0,19.0
0.0,-335.0,211.0,18.0
0.0,-338.0,488.0,16.0
0.0,-337.0,488.0,16.0
0.0,-335.0,489.0,19.0
0.0,331.0,489.0,15.0
0.0,484.0,488.0,13.0
0.0,484.0,489.0,13.0
0.0,484.0,89.0,15.0
0.0,483.0,108.0,15.0
0.0,484.0,-6.0,16.0
0.0,484.0,-298.0,16.0
0.0,484.0,-297.0,16.0
0.0,64.0,-292.0,19.0
0.0,-342.0,-290.0,19.0
0.0,-340.0,-289.0,19.0
0.0,-339.0,-288.0,19.0
0.0,-338.0,-286.0,19.0
0.0,-337.0,-286.0,19.0
0.0,-336.0,-285.0,19.0
0.0,-335.0,-284.0,19.0
0.0,-335.0,237.0,18.0
0.0,-338.0,488.0,16.0
0.0,-337.0,488.0,16.0
0.0,-336.0,489.0,19.0
0.0,340.0,488.0,15.0
0.0,484.0,489.0,13.0
0.0,484.0,489.0,13.0
0.0,484.0,89.0,15.0
0.0,484.0,106.0,15.0
0.0,484.0,-17.0,16.0
0.0,484.0,-298.0,16.0
0.0,483.0,-297.0,16.0
0.0,43.0,-292.0,19.0
0.0,-342.0,-290.0,19.0
0.0,-340.0,-289.0,19.0
0.0,-339.0,-288.0,19.0
0.0,-338.0,-287.0,19.0
0.0,-337.0,-286.0,19.0
0.0,-336.0,-285.0,19.0
0.0,-335.0,-284.0,19.0
0.0,-335.0,273.0,18.0
0.0,-338.0,488.0,16.0
0.0,-337.0,488.0,16.0
0.0,-335.0,489.0,19.0
0.0,361.0,489.0,15.0
0.0,484.0,489.0,13.0
0.0,484.0,489.0,13.0
0.0,484.0,92.0,15.0
0.0,484.0,105.0,15.0
0.0,484.0,-27.0,16.0
0.0,484.0,-299.0,16.0
0.0,484.0,-297.0,16.0
0.0,29.0,-292.0,19.0
0.0,-342.0,-290.0,19.0
0.0,-340.0,-289.0,19.0
0.0,-339.0,-288.0,19.0
0.0,-338.0,-287.0,19.0
0.0,-336.0,-286.0,19.0
0.0,-336.0,-285.0,19.0
0.0,-335.0,-284.0,19.0
0.0,-335.0,314.0,18.0
0.0,-338.0,488.0,16.0
0.0,-336.0,488.0,16.0
0.0,-335.0,488.0,18.0
0.0,371.0,489.0,15.0
0.0,484.0,489.0,14.0
0.0,484.0,489.0,13.0
0.0,484.0,92.0,15.0
0.0,483.0,103.0,15.0
0.0,484.0,-34.0,16.0
0.0,483.0,-299.0,16.0
0.0,483.0,-298.0,16.0
0.0,12.0,-292.0,19.0
0.0,-342.0,-290.0,19.0
0.0,-340.0,-289.0,19.0
0.0,-339.0,-288.0,19.0
0.0,-338.0,-287.0,19.0
0.0,-337.0,-287.0,19.0
0.0,-336.0,-286.0,19.0
0.0,-335.0,-285.0,19.0
0.0,-335.0,381.0,18.0
0.0,-338.0,488.0,16.0
0.0,-337.0,488.0,16.0
0.0,-333.0,488.0,18.0
0.0,385.0,488.0,14.0
0.0,484.0,488.0,13.0
0.0,484.0,489.0,13.0
0.0,484.0,96.0,15.0
0.0,484.0,102.0,15.0
0.0,484.0,-44.0,16.0
0.0,484.0,-299.0,16.0
0.0,484.0,-298.0,18.0
0.0,-7.0,-292.0,19.0
0.0,-342.0,-291.0,19.0
0.0,-341.0,-289.0,19.0
0.0,-339.0,-289.0,19.0
0.0,-338.0,-287.0,19.0
0.0,-337.0,-287.0,19.0
0.0,-335.0,-286.0,19.0
0.0,-335.0,-285.0,19.0
0.0,-335.0,406.0,17.0
0.0,-338.0,488.0,16.0
0.0,-335.0,488.0,16.0
0.0,-323.0,488.0,17.0
0.0,401.0,488.0,14.0
0.0,484.0,489.0,13.0
0.0,484.0,488.0,13.0
0.0,483.0,96.0,15.0
0.0,484.0,101.0,15.0
0.0,484.0,-48.0,16.0
0.0,484.0,-299.0,16.0
0.0,484.0,-298.0,18.0
0.0,-22.0,-292.0,19.0
0.0,-342.0,-291.0,19.0
0.0,-340.0,-290.0,19.0
0.0,-339.0,-289.0,19.0
0.0,-338.0,-288.0,19.0
0.0,-337.0,-287.0,19.0
0.0,-336.0,-286.0,19.0
0.0,-335.0,-285.0,19.0
0.0,-335.0,467.0,17.0
0.0,-338.0,488.0,16.0
0.0,-336.0,488.0,16.0
0.0,-271.0,488.0,17.0
0.0,423.0,488.0,14.0
0.0,484.0,488.0,14.0
0.0,484.0,489.0,13.0
0.0,484.0,94.0,15.0
0.0,484.0,102.0,15.0
0.0,484.0,-61.0,16.0
0.0,484.0,-299.0,16.0
0.0,484.0,-298.0,18.0
0.0,-42.0,-292.0,19.0
0.0,-342.0,-291.0,19.0
0.0,-340.0,-290.0,19.0
0.0,-339.0,-289.0,19.0
0.0,-338.0,-288.0,19.0
0.0,-337.0,-287.0,19.0
0.0,-336.0,-286.0,19.0
0.0,-335.0,-285.0,19.0
0.0,-335.0,487.0,17.0
0.0,-337.0,488.0,16.0
0.0,-336.0,488.0,16.0
0.0,-235.0,488.0,17.0
0.0,436.0,489.0,14.0
0.0,484.0,489.0,14.0
0.0,484.0,489.0,14.0
0.0,484.0,96.0,15.0
0.0,484.0,97.0,15.0
0.0,484.0,-64.0,16.0
0.0,484.0,-299.0,16.0
0.0,483.0,-298.0,18.0
0.0,-55.0,-292.0,19.0
0.0,-342.0,-291.0,19.0
0.0,-340.0,-290.0,19.0
0.0,-339.0,-289.0,19.0
0.0,-338.0,-288.0,19.0
0.0,-337.0,-287.0,19.0
0.0,-336.0,-286.0,19.0
0.0,-335.0,-285.0,18.0
0.0,-335.0,487.0,17.0
0.0,-338.0,488.0,16.0
0.0,-336.0,488.0,16.0
0.0,-197.0,488.0,16.0
0.0,457.0,489.0,14.0
0.0,484.0,489.0,13.0
0.0,484.0,489.0,13.0
0.0,484.0,89.0,15.0
0.0,484.0,95.0,15.0
0.0,483.0,-80.0,16.0
0.0,483.0,-299.0,16.0
0.0,484.0,-297.0,18.0
0.0,-78.0,-292.0,19.0
0.0,-341.0,-291.0,19.0
0.0,-340.0,-290.0,19.0
0.0,-339.0,-289.0,19.0
0.0,-338.0,-288.0,19.0
0.0,-337.0,-287.0,19.0
0.0,-336.0,-286.0,18.0
0.0,-334.0,-285.0,19.0
0.0,-335.0,488.0,16.0
0.0,-337.0,488.0,16.0
0.0,-336.0,488.0,16.0
0.0,-177.0,488.0,17.0
0.0,467.0,488.0,14.0
0.0,484.0,489.0,14.0
0.0,484.0,489.0,13.0
0.0,484.0,87.0,15.0
0.0,484.0,97.0,15.0
0.0,484.0,-88.0,16.0
0.0,484.0,-300.0,16.0
0.0,484.0,-297.0,18.0
0.0,-94.0,-292.0,19.0
0.0,-341.0,-291.0,19.0
0.0,-340.0,-290.0,19.0
0.0,-339.0,-289.0,19.0
0.0,-338.0,-288.0,19.0
0.0,-337.0,-287.0,19.0
0.0,-336.0,-287.0,19.0
0.0,-334.0,-285.0,19.0
0.0,-335.0,488.0,16.0
0.0,-337.0,488.0,16.0
0.0,-336.0,488.0,16.0
0.0,-167.0,488.0,16.0
0.0,482.0,488.0,13.0
0.0,484.0,488.0,13.0
0.0,484.0,489.0,13.0
0.0,484.0,88.0,15.0
0.0,484.0,89.0,15.0
0.0,484.0,-95.0,16.0
0.0,484.0,-300.0,16.0
0.0,484.0,-296.0,18.0
0.0,-110.0,-292.0,19.0
0.0,-342.0,-292.0,19.0
0.0,-340.0,-290.0,19.0
0.0,-339.0,-290.0,19.0
0.0,-338.0,-289.0,19.0
0.0,-337.0,-288.0,19.0
0.0,-336.0,-287.0,19.0
0.0,-334.0,-285.0,19.0
0.0,-335.0,488.0,16.0
0.0,-338.0,488.0,16.0
0.0,-336.0,488.0,16.0
0.0,-148.0,488.0,16.0
0.0,483.0,488.0,13.0
0.0,484.0,489.0,13.0
0.0,483.0,489.0,14.0
0.0,483.0,90.0,15.0
0.0,483.0,91.0,15.0
0.0,484.0,-101.0,16.0
0.0,484.0,-300.0,16.0
0.0,462.0,-296.0,18.0
0.0,-122.0,-293.0,19.0
0.0,-342.0,-292.0,19.0
0.0,-340.0,-291.0,19.0
0.0,-339.0,-290.0,19.0
0.0,-338.0,-289.0,19.0
0.0,-336.0,-287.0,19.0
0.0,-335.0,-287.0,19.0
0.0,-334.0,-286.0,19.0
0.0,-336.0,488.0,16.0
0.0,-337.0,488.0,16.0
0.0,-336.0,488.0,16.0
0.0,-143.0,488.0,16.0
0.0,483.0,488.0,13.0
0.0,484.0,489.0,14.0
0.0,484.0,489.0,13.0
0.0,484.0,88.0,15.0
0.0,484.0,85.0,15.0
0.0,484.0,-110.0,16.0
0.0,483.0,-300.0,16.0
0.0,425.0,-296.0,18.0
0.0,-145.0,-293.0,19.0
0.0,-341.0,-292.0,19.0
0.0,-340.0,-291.0,19.0
0.0,-339.0,-290.0,19.0
0.0,-338.0,-289.0,19.0
0.0,-336.0,-288.0,19.0
0.0,-336.0,-287.0,19.0
0.0,-334.0,-285.0,19.0
0.0,-336.0,488.0,16.0
0.0,-337.0,488.0,16.0
0.0,-336.0,488.0,16.0
0.0,-128.0,488.0,16.0
0.0,483.0,489.0,14.0
0.0,484.0,488.0,14.0
0.0,484.0,488.0,13.0
0.0,484.0,87.0,15.0
0.0,484.0,84.0,15.0
0.0,484.0,-120.0,16.0
0.0,484.0,-300.0,16.0
0.0,412.0,-296.0,18.0
0.0,-158.0,-293.0,19.0
0.0,-341.0,-292.0,19.0
0.0,-340.0,-291.0,19.0
0.0,-339.0,-290.0,19.0
0.0,-338.0,-289.0,19.0
0.0,-336.0,-288.0,19.0
0.0,-335.0,-287.0,19.0
0.0,-334.0,-285.0,19.0
0.0,-337.0,488.0,16.0
0.0,-337.0,488.0,16.0
0.0,-336.0,488.0,16.0
0.0,-109.0,488.0,16.0
0.0,483.0,489.0,13.0
0.0,484.0,489.0,14.0
0.0,484.0,488.0,14.0
0.0,484.0,83.0,15.0
0.0,483.0,84.0,15.0
0.0,484.0,-130.0,16.0
0.0,484.0,-301.0,16.0
0.0,392.0,-296.0,18.0
0.0,-186.0,-293.0,19.0
0.0,-341.0,-292.0,19.0
0.0,-340.0,-291.0,19.0
0.0,-339.0,-290.0,19.0
0.0,-338.0,-289.0,19.0
0.0,-336.0,-288.0,19.0
0.0,-335.0,-287.0,19.0
0.0,-334.0,-275.0,19.0
0.0,-337.0,488.0,16.0
0.0,-337.0,488.0,16.0
0.0,-336.0,488.0,16.0
0.0,-86.0,488.0,15.0
0.0,483.0,489.0,13.0
0.0,484.0,489.0,13.0
0.0,484.0,489.0,14.0
0.0,484.0,83.0,15.0
0.0,484.0,81.0,15.0
0.0,483.0,-141.0,16.0
0.0,483.0,-301.0,16.0
0.0,381.0,-296.0,18.0
0.0,-198.0,-293.0,19.0
0.0,-341.0,-292.0,19.0
0.0,-340.0,-291.0,19.0
0.0,-339.0,-290.0,19.0
0.0,-337.0,-289.0,19.0
0.0,-336.0,-289.0,19.0
0.0,-335.0,-288.0,19.0
0.0,-334.0,-246.0,19.0
0.0,-337.0,488.0,16.0
0.0,-337.0,488.0,16.0
0.0,-336.0,488.0,16.0
0.0,-63.0,488.0,15.0
0.0,484.0,489.0,13.0
0.0,484.0,489.0,13.0
0.0,484.0,489.0,14.0
0.0,484.0,88.0,15.0
0.0,484.0,79.0,15.0
0.0,484.0,-147.0,16.0
0.0,484.0,-301.0,16.0
0.0,369.0,-296.0,18.0
0.0,-220.0,-293.0,19.0
0.0,-341.0,-293.0,19.0
0.0,-340.0,-292.0,19.0
0.0,-339.0,-290.0,19.0
0.0,-338.0,-290.0,19.0
0.0,-336.0,-289.0,19.0
0.0,-335.0,-288.0,19.0
0.0,-334.0,-198.0,19.0
0.0,-338.0,488.0,16.0
0.0,-337.0,488.0,16.0
0.0,-336.0,488.0,16.0
0.0,-42.0,488.0,15.0
0.0,484.0,488.0,13.0
0.0,484.0,489.0,13.0
0.0,484.0,489.0,15.0
0.0,484.0,90.0,15.0
0.0,484.0,73.0,15.0
0.0,483.0,-153.0,16.0
0.0,483.0,-301.0,16.0
0.0,348.0,-297.0,18.0
0.0,-236.0,-294.0,19.0
0.0,-341.0,-293.0,19.0
0.0,-340.0,-292.0,19.0
0.0,-339.0,-291.0,19.0
0.0,-338.0,-290.0,19.0
0.0,-336.0,-289.0,19.0
0.0,-335.0,-288.0,19.0
0.0,-334.0,-179.0,19.0
0.0,-338.0,488.0,16.0
0.0,-337.0,488.0,16.0
0.0,-336.0,488.0,16.0
0.0,-25.0,488.0,15.0
0.0,484.0,489.0,13.0
0.0,484.0,489.0,14.0
0.0,484.0,489.0,15.0
0.0,484.0,88.0,15.0
0.0,484.0,70.0,15.0
0.0,484.0,-167.0,16.0
0.0,484.0,-301.0,16.0
0.0,334.0,-297.0,18.0
0.0,-255.0,-293.0,19.0
0.0,-341.0,-293.0,19.0
0.0,-340.0,-292.0,19.0
0.0,-339.0,-291.0,19.0
0.0,-338.0,-289.0,18.0
0.0,-336.0,-289.0,19.0
0.0,-335.0,-288.0,18.0
0.0,-334.0,-139.0,19.0
0.0,-338.0,489.0,16.0
0.0,-337.0,488.0,16.0
0.0,-336.0,488.0,16.0
0.0,12.0,488.0,15.0
0.0,484.0,488.0,14.0
0.0,484.0,488.0,14.0
0.0,484.0,488.0,15.0
0.0,484.0,90.0,15.0
0.0,484.0,66.0,15.0
0.0,484.0,-179.0,16.0
0.0,484.0,-301.0,16.0
0.0,315.0,-297.0,18.0
0.0,-272.0,-294.0,19.0
0.0,-341.0,-293.0,19.0
0.0,-340.0,-292.0,19.0
0.0,-338.0,-291.0,19.0
0.0,-337.0,-290.0,19.0
0.0,-336.0,-289.0,19.0
0.0,-335.0,-288.0,19.0
0.0,-334.0,-114.0,19.0
0.0,-338.0,488.0,16.0
0.0,-337.0,488.0,16.0
0.0,-336.0,489.0,16.0
0.0,28.0,488.0,15.0
0.0,484.0,489.0,14.0
0.0,484.0,489.0,14.0
0.0,484.0,489.0,15.0
0.0,484.0,90.0,15.0
0.0,484.0,62.0,15.0
0.0,483.0,-189.0,16.0
0.0,484.0,-301.0,16.0
0.0,302.0,-297.0,18.0
0.0,-295.0,-294.0,18.0
0.0,-341.0,-293.0,19.0
0.0,-340.0,-292.0,19.0
0.0,-339.0,-291.0,19.0
0.0,-337.0,-290.0,19.0
0.0,-336.0,-289.0,19.0
0.0,-335.0,-288.0,19.0
0.0,-334.0,-71.0,19.0
0.0,-338.0,488.0,16.0
0.0,-337.0,488.0,16.0
0.0,-336.0,488.0,16.0
0.0,60.0,488.0,15.0
0.0,484.0,489.0,13.0
0.0,484.0,489.0,14.0
0.0,484.0,473.0,15.0
0.0,484.0,94.0,15.0
0.0,484.0,55.0,15.0
0.0,484.0,-199.0,16.0
0.0,484.0,-301.0,16.0
0.0,281.0,-297.0,18.0
0.0,-316.0,-294.0,19.0
0.0,-341.0,-293.0,19.0
0.0,-340.0,-292.0,19.0
0.0,-339.0,-291.0,19.0
0.0,-337.0,-290.0,19.0
0.0,-336.0,-289.0,19.0
0.0,-335.0,-288.0,19.0
0.0,-334.0,-41.0,19.0
0.0,-338.0,488.0,16.0
0.0,-337.0,488.0,16.0
0.0,-336.0,488.0,16.0
0.0,73.0,488.0,15.0
0.0,484.0,489.0,13.0
0.0,484.0,489.0,13.0
0.0,484.0,454.0,15.0
0.0,484.0,96.0,15.0
0.0,484.0,53.0,15.0
0.0,483.0,-205.0,16.0
0.0,484.0,-302.0,16.0
0.0,271.0,-297.0,18.0
0.0,-323.0,-295.0,19.0
0.0,-341.0,-294.0,19.0
0.0,-340.0,-293.0,19.0
0.0,-338.0,-292.0,19.0
0.0,-337.0,-291.0,19.0
0.0,-336.0,-290.0,19.0
0.0,-335.0,-288.0,19.0
0.0,-334.0,-21.0,19.0
0.0,-338.0,488.0,16.0
0.0,-337.0,488.0,16.0
0.0,-335.0,488.0,16.0
0.0,101.0,488.0,15.0
0.0,484.0,489.0,14.0
0.0,484.0,489.0,14.0
0.0,484.0,384.0,15.0
0.0,484.0,96.0,15.0
0.0,484.0,47.0,16.0
0.0,484.0,-220.0,16.0
0.0,484.0,-302.0,16.0
0.0,250.0,-297.0,18.0
0.0,-340.0,-295.0,19.0
0.0,-341.0,-294.0,19.0
0.0,-340.0,-293.0,19.0
0.0,-339.0,-292.0,19.0
0.0,-337.0,-291.0,19.0
0.0,-336.0,-290.0,19.0
0.0,-335.0,-289.0,19.0
0.0,-334.0,10.0,18.0
0.0,-338.0,488.0,16.0
0.0,-337.0,488.0,16.0
0.0,-336.0,488.0,16.0
0.0,122.0,489.0,15.0
0.0,484.0,489.0,13.0
0.0,484.0,489.0,13.0
0.0,484.0,365.0,15.0
0.0,484.0,102.0,15.0
0.0,484.0,40.0,16.0
0.0,484.0,-226.0,16.0
0.0,484.0,-302.0,16.0
0.0,233.0,-298.0,18.0
0.0,-341.0,-295.0,19.0
0.0,-341.0,-294.0,19.0
0.0,-340.0,-293.0,19.0
0.0,-338.0,-292.0,19.0
0.0,-337.0,-291.0,19.0
0.0,-336.0,-290.0,19.0
0.0,-335.0,-289.0,19.0
0.0,-334.0,43.0,18.0
0.0,-338.0,489.0,16.0
0.0,-337.0,489.0,16.0
0.0,-336.0,488.0,16.0
0.0,144.0,488.0,15.0
0.0,484.0,489.0,14.0
0.0,484.0,489.0,14.0
0.0,484.0,317.0,15.0
0.0,483.0,98.0,15.0
0.0,484.0,38.0,16.0
0.0,484.0,-243.0,16.0
0.0,484.0,-303.0,16.0
0.0,217.0,-297.0,18.0
0.0,-342.0,-295.0,19.0
0.0,-341.0,-294.0,19.0
0.0,-340.0,-293.0,19.0
0.0,-338.0,-292.0,19.0
0.0,-337.0,-291.0,19.0
0.0,-336.0,-290.0,19.0
0.0,-335.0,-289.0,19.0
0.0,-334.0,63.0,18.0
0.0,-338.0,488.0,16.0
0.0,-337.0,488.0,16.0
0.0,-336.0,488.0,16.0
0.0,170.0,488.0,15.0
0.0,484.0,489.0,13.0
0.0,484.0,489.0,14.0
0.0,484.0,286.0,15.0
0.0,484.0,101.0,15.0
0.0,484.0,35.0,16.0
0.0,484.0,-250.0,16.0
0.0,484.0,-302.0,16.0
0.0,204.0,-298.0,18.0
0.0,-342.0,-295.0,19.0
0.0,-341.0,-294.0,19.0
0.0,-340.0,-293.0,19.0
0.0,-338.0,-292.0,19.0
0.0,-337.0,-291.0,19.0
0.0,-336.0,-290.0,19.0
0.0,-335.0,-289.0,19.0
0.0,-334.0,84.0,18.0
0.0,-338.0,489.0,16.0
0.0,-337.0,488.0,16.0
0.0,-336.0,488.0,16.0
0.0,189.0,489.0,15.0
0.0,484.0,489.0,13.0
0.0,484.0,489.0,13.0
0.0,484.0,241.0,15.0
0.0,484.0,102.0,15.0
0.0,484.0,29.0,16.0
0.0,484.0,-259.0,16.0
0.0,484.0,-303.0,16.0
0.0,177.0,-298.0,18.0
0.0,-341.0,-295.0,19.0
0.0,-341.0,-294.0,19.0
0.0,-340.0,-293.0,19.0
0.0,-339.0,-292.0,19.0
0.0,-337.0,-291.0,19.0
0.0,-336.0,-291.0,19.0
0.0,-335.0,-289.0,19.0
0.0,-334.0,113.0,18.0
0.0,-338.0,489.0,16.0
0.0,-337.0,488.0,16.0
0.0,-336.0,488.0,16.0
0.0,209.0,488.0,15.0
0.0,484.0,489.0,13.0
0.0,484.0,489.0,14.0
0.0,484.0,214.0,15.0
0.0,484.0,100.0,15.0
0.0,484.0,23.0,16.0
0.0,484.0,-268.0,16.0
0.0,484.0,-303.0,16.0
0.0,167.0,-298.0,18.0
0.0,-342.0,-296.0,19.0
0.0,-341.0,-294.0,19.0
0.0,-339.0,-293.0,19.0
0.0,-338.0,-293.0,19.0
0.0,-337.0,-292.0,19.0
0.0,-336.0,-291.0,19.0
0.0,-335.0,-289.0,19.0
0.0,-334.0,131.0,18.0
0.0,-338.0,488.0,16.0
0.0,-337.0,488.0,16.0
0.0,-336.0,488.0,16.0
0.0,228.0,488.0,15.0
0.0,484.0,488.0,13.0
0.0,484.0,489.0,13.0
0.0,484.0,181.0,15.0
0.0,484.0,103.0,15.0
0.0,484.0,14.0,16.0
0.0,484.0,-282.0,16.0
0.0,484.0,-303.0,16.0
0.0,141.0,-299.0,18.0
0.0,-342.0,-296.0,19.0
0.0,-340.0,-295.0,19.0
0.0,-339.0,-294.0,19.0
0.0,-338.0,-293.0,19.0
0.0,-337.0,-292.0,19.0
0.0,-335.0,-290.0,19.0
0.0,-335.0,-290.0,19.0
0.0,-334.0,177.0,18.0
0.0,-338.0,488.0,16.0
0.0,-337.0,488.0,16.0
0.0,-336.0,488.0,16.0
0.0,253.0,489.0,15.0
0.0,484.0,489.0,14.0
0.0,484.0,489.0,14.0
0.0,484.0,145.0,15.0
0.0,484.0,101.0,15.0
0.0,484.0,13.0,16.0
0.0,484.0,-293.0,16.0
0.0,484.0,-303.0,16.0
0.0,132.0,-299.0,19.0
0.0,-342.0,-296.0,19.0
0.0,-341.0,-295.0,19.0
0.0,-339.0,-294.0,19.0
0.0,-338.0,-293.0,19.0
0.0,-337.0,-292.0,19.0
0.0,-336.0,-291.0,19.0
0.0,-335.0,-290.0,19.0
0.0,-334.0,193.0,18.0
0.0,-338.0,488.0,16.0
0.0,-337.0,488.0,16.0
0.0,-336.0,488.0,16.0
0.0,271.0,488.0,15.0
0.0,484.0,488.0,13.0
0.0,484.0,488.0,13.0
0.0,484.0,100.0,15.0
0.0,484.0,103.0,15.0
0.0,484.0,5.0,16.0
0.0,484.0,-300.0,16.0
0.0,484.0,-303.0,16.0
0.0,115.0,-299.0,19.0
0.0,-342.0,-296.0,19.0
0.0,-341.0,-295.0,19.0
0.0,-340.0,-294.0,19.0
0.0,-338.0,-293.0,19.0
0.0,-337.0,-292.0,19.0
0.0,-336.0,-291.0,19.0
0.0,-334.0,-290.0,19.0
0.0,-335.0,240.0,18.0
0.0,-338.0,488.0,16.0
0.0,-336.0,488.0,16.0
0.0,-335.0,489.0,17.0
0.0,290.0,489.0,15.0
0.0,484.0,489.0,13.0
0.0,484.0,489.0,14.0
0.0,484.0,83.0,15.0
0.0,484.0,101.0,15.0
0.0,484.0,-4.0,16.0
0.0,484.0,-303.0,16.0
0.0,484.0,-303.0,17.0
0.0,97.0,-300.0,19.0
0.0,-342.0,-296.0,19.0
0.0,-340.0,-295.0,19.0
0.0,-339.0,-294.0,19.0
0.0,-338.0,-293.0,19.0
0.0,-337.0,-292.0,19.0
0.0,-336.0,-291.0,19.0
0.0,-335.0,-290.0,19.0
0.0,-335.0,272.0,18.0
0.0,-338.0,488.0,16.0
0.0,-336.0,488.0,16.0
0.0,-336.0,488.0,19.0
0.0,303.0,488.0,15.0
0.0,484.0,489.0,13.0
0.0,484.0,489.0,14.0
0.0,484.0,81.0,15.0
0.0,484.0,100.0,15.0
0.0,484.0,-8.0,16.0
0.0,483.0,-304.0,16.0
0.0,483.0,-304.0,16.0
0.0,81.0,-300.0,19.0
0.0,-342.0,-296.0,19.0
0.0,-341.0,-295.0,19.0
0.0,-339.0,-294.0,19.0
0.0,-338.0,-293.0,19.0
0.0,-337.0,-292.0,19.0
0.0,-336.0,-291.0,19.0
0.0,-335.0,-290.0,19.0
0.0,-335.0,321.0,18.0
0.0,-338.0,488.0,16.0
0.0,-336.0,488.0,16.0
0.0,-336.0,489.0,19.0
0.0,323.0,488.0,15.0
0.0,484.0,489.0,14.0
0.0,484.0,489.0,14.0
0.0,484.0,79.0,15.0
0.0,483.0,102.0,15.0
0.0,484.0,-22.0,16.0
0.0,483.0,-304.0,16.0
0.0,484.0,-304.0,16.0
0.0,61.0,-299.0,19.0
0.0,-342.0,-296.0,19.0
0.0,-340.0,-295.0,19.0
0.0,-339.0,-294.0,19.0
0.0,-338.0,-294.0,19.0
0.0,-337.0,-293.0,19.0
0.0,-336.0,-292.0,19.0
0.0,-335.0,-291.0,19.0
0.0,-335.0,340.0,18.0
0.0,-338.0,488.0,16.0
0.0,-336.0,488.0,16.0
0.0,-335.0,488.0,19.0
0.0,332.0,488.0,15.0
0.0,484.0,488.0,14.0
0.0,484.0,489.0,14.0
0.0,484.0,83.0,15.0
0.0,484.0,101.0,15.0
0.0,484.0,-23.0,16.0
0.0,484.0,-305.0,16.0
0.0,484.0,-304.0,16.0
0.0,46.0,-299.0,19.0
0.0,-342.0,-297.0,19.0
0.0,-340.0,-295.0,19.0
0.0,-339.0,-295.0,19.0
0.0,-338.0,-294.0,19.0
0.0,-337.0,-293.0,19.0
0.0,-336.0,-292.0,19.0
0.0,-335.0,-291.0,19.0
0.0,-335.0,386.0,18.0
0.0,-338.0,488.0,16.0
0.0,-336.0,488.0,16.0
0.0,-335.0,489.0,19.0
0.0,356.0,488.0,15.0
0.0,484.0,489.0,14.0
0.0,484.0,489.0,14.0
0.0,484.0,87.0,15.0
0.0,484.0,97.0,15.0
0.0,484.0,-34.0,16.0
0.0,484.0,-305.0,16.0
0.0,483.0,-304.0,16.0
0.0,25.0,-299.0,19.0
0.0,-341.0,-296.0,19.0
0.0,-340.0,-296.0,19.0
0.0,-339.0,-295.0,19.0
0.0,-338.0,-294.0,19.0
0.0,-337.0,-292.0,19.0
0.0,-336.0,-292.0,19.0
0.0,-335.0,-291.0,19.0
0.0,-335.0,424.0,17.0
0.0,-338.0,489.0,16.0
0.0,-336.0,488.0,16.0
0.0,-335.0,489.0,19.0
0.0,364.0,488.0,15.0
0.0,484.0,488.0,14.0
0.0,484.0,489.0,14.0
0.0,484.0,86.0,15.0
0.0,484.0,96.0,15.0
0.0,484.0,-40.0,16.0
0.0,484.0,-306.0,16.0
0.0,484.0,-304.0,16.0
0.0,15.0,-299.0,19.0
0.0,-342.0,-297.0,19.0
0.0,-340.0,-296.0,19.0
0.0,-339.0,-295.0,19.0
0.0,-338.0,-294.0,19.0
0.0,-337.0,-293.0,19.0
0.0,-336.0,-292.0,19.0
0.0,-335.0,-291.0,19.0
0.0,-335.0,479.0,17.0
0.0,-337.0,488.0,16.0
0.0,-336.0,488.0,16.0
0.0,-334.0,488.0,18.0
0.0,386.0,488.0,14.0
0.0,484.0,488.0,13.0
0.0,484.0,488.0,13.0
0.0,484.0,88.0,15.0
0.0,484.0,94.0,15.0
0.0,484.0,-51.0,16.0
0.0,484.0,-305.0,16.0
0.0,484.0,-304.0,18.0
0.0,-6.0,-299.0,19.0
0.0,-342.0,-297.0,19.0
0.0,-340.0,-296.0,19.0
0.0,-339.0,-295.0,19.0
0.0,-338.0,-294.0,19.0
0.0,-337.0,-293.0,19.0
0.0,-335.0,-292.0,19.0
0.0,-334.0,-291.0,19.0
0.0,-335.0,487.0,17.0
0.0,-337.0,488.0,16.0
0.0,-337.0,488.0,16.0
0.0,-329.0,488.0,17.0
0.0,397.0,489.0,14.0
0.0,484.0,489.0,14.0
0.0,484.0,489.0,14.0
0.0,484.0,85.0,15.0
0.0,484.0,97.0,15.0
0.0,484.0,-61.0,16.0
0.0,484.0,-306.0,16.0
0.0,484.0,-305.0,18.0
0.0,-23.0,-299.0,19.0
0.0,-342.0,-297.0,19.0
0.0,-340.0,-296.0,19.0
0.0,-339.0,-295.0,19.0
0.0,-338.0,-294.0,19.0
0.0,-337.0,-293.0,19.0
0.0,-336.0,-292.0,19.0
0.0,-335.0,-291.0,19.0
0.0,-335.0,488.0,17.0
0.0,-338.0,488.0,16.0
0.0,-336.0,489.0,16.0
0.0,-282.0,488.0,17.0
0.0,417.0,488.0,14.0
0.0,483.0,489.0,13.0
0.0,484.0,488.0,14.0
0.0,484.0,88.0,15.0
0.0,484.0,90.0,15.0
0.0,484.0,-63.0,16.0
0.0,484.0,-306.0,16.0
0.0,484.0,-305.0,18.0
0.0,-43.0,-299.0,19.0
0.0,-341.0,-298.0,19.0
0.0,-340.0,-296.0,19.0
0.0,-339.0,-295.0,19.0
0.0,-338.0,-294.0,19.0
0.0,-337.0,-294.0,19.0
0.0,-336.0,-293.0,19.0
0.0,-334.0,-291.0,19.0
0.0,-335.0,488.0,16.0
0.0,-337.0,488.0,16.0
0.0,-336.0,488.0,16.0
0.0,-252.0,488.0,17.0
0.0,427.0,488.0,14.0
0.0,484.0,489.0,14.0
0.0,484.0,489.0,14.0
0.0,484.0,86.0,15.0
0.0,484.0,90.0,15.0
0.0,484.0,-72.0,16.0
0.0,484.0,-306.0,16.0
0.0,484.0,-305.0,18.0
0.0,-54.0,-299.0,19.0
0.0,-341.0,-298.0,19.0
0.0,-340.0,-297.0,19.0
0.0,-339.0,-296.0,19.0
0.0,-338.0,-295.0,19.0
0.0,-337.0,-294.0,19.0
0.0,-336.0,-293.0,19.0
0.0,-334.0,-292.0,19.0
0.0,-335.0,488.0,16.0
0.0,-337.0,488.0,16.0
0.0,-336.0,488.0,16.0
0.0,-208.0,488.0,17.0
0.0,445.0,488.0,14.0
0.0,484.0,488.0,14.0
0.0,484.0,489.0,13.0
0.0,484.0,84.0,15.0
0.0,484.0,84.0,15.0
0.0,484.0,-83.0,16.0
0.0,484.0,-306.0,16.0
0.0,484.0,-304.0,18.0
0.0,-73.0,-299.0,19.0
0.0,-341.0,-298.0,19.0
0.0,-340.0,-297.0,19.0
0.0,-339.0,-296.0,19.0
0.0,-338.0,-295.0,19.0
0.0,-337.0,-294.0,19.0
0.0,-336.0,-293.0,19.0
0.0,-334.0,-292.0,19.0
0.0,-335.0,488.0,16.0
0.0,-337.0,488.0,16.0
0.0,-336.0,488.0,16.0
0.0,-195.0,488.0,16.0
0.0,465.0,488.0,14.0
0.0,484.0,488.0,14.0
0.0,484.0,489.0,13.0
0.0,484.0,85.0,15.0
0.0,484.0,85.0,15.0
0.0,484.0,-87.0,16.0
0.0,483.0,-306.0,16.0
0.0,483.0,-303.0,18.0
0.0,-82.0,-299.0,19.0
0.0,-341.0,-298.0,19.0
0.0,-340.0,-297.0,19.0
0.0,-339.0,-296.0,19.0
0.0,-338.0,-295.0,19.0
0.0,-336.0,-294.0,19.0
0.0,-335.0,-293.0,19.0
0.0,-334.0,-292.0,19.0
0.0,-336.0,488.0,16.0
0.0,-337.0,488.0,16.0
0.0,-336.0,488.0,16.0
0.0,-175.0,488.0,16.0
0.0,479.0,488.0,14.0
0.0,484.0,488.0,14.0
0.0,484.0,489.0,14.0
0.0,484.0,81.0,15.0
0.0,484.0,88.0,15.0
0.0,484.0,-102.0,16.0
0.0,484.0,-306.0,16.0
0.0,484.0,-303.0,18.0
0.0,-112.0,-299.0,19.0
0.0,-342.0,-298.0,19.0
0.0,-340.0,-297.0,19.0
0.0,-339.0,-296.0,19.0
0.0,-338.0,-295.0,19.0
0.0,-337.0,-294.0,19.0
0.0,-335.0,-293.0,19.0
0.0,-334.0,-292.0,19.0
0.0,-337.0,488.0,16.0
0.0,-337.0,488.0,16.0
0.0,-336.0,488.0,16.0
0.0,-151.0,488.0,16.0
0.0,483.0,489.0,14.0
0.0,484.0,488.0,14.0
0.0,484.0,489.0,14.0
0.0,483.0,80.0,15.0
0.0,484.0,82.0,15.0
0.0,484.0,-106.0,16.0
0.0,484.0,-307.0,16.0
0.0,462.0,-303.0,18.0
0.0,-120.0,-299.0,19.0
0.0,-341.0,-299.0,19.0
0.0,-340.0,-297.0,19.0
0.0,-339.0,-296.0,19.0
0.0,-338.0,-295.0,19.0
0.0,-336.0,-294.0,19.0
0.0,-335.0,-294.0,19.0
0.0,-334.0,-289.0,19.0
0.0,-337.0,488.0,16.0
0.0,-337.0,489.0,16.0
0.0,-336.0,489.0,16.0
0.0,-144.0,488.0,16.0
0.0,483.0,489.0,13.0
0.0,484.0,489.0,14.0
0.0,484.0,489.0,14.0
0.0,484.0,79.0,15.0
0.0,484.0,81.0,15.0
0.0,484.0,-119.0,16.0
0.0,484.0,-307.0,16.0
0.0,434.0,-303.0,18.0
0.0,-147.0,-300.0,19.0
0.0,-341.0,-299.0,19.0
0.0,-340.0,-298.0,19.0
0.0,-339.0,-297.0,19.0
0.0,-338.0,-296.0,19.0
0.0,-336.0,-295.0,19.0
0.0,-335.0,-294.0,19.0
0.0,-334.0,-252.0,19.0
0.0,-338.0,488.0,16.0
0.0,-337.0,488.0,16.0
0.0,-336.0,488.0,16.0
0.0,-130.0,488.0,16.0
0.0,483.0,489.0,14.0
0.0,484.0,488.0,14.0
0.0,484.0,489.0,14.0
0.0,483.0,78.0,15.0
0.0,484.0,77.0,15.0
0.0,484.0,-124.0,16.0
0.0,484.0,-307.0,16.0
0.0,415.0,-303.0,18.0
0.0,-158.0,-300.0,19.0
0.0,-341.0,-299.0,19.0
0.0,-339.0,-298.0,19.0
0.0,-339.0,-297.0,19.0
0.0,-337.0,-296.0,19.0
0.0,-336.0,-295.0,19.0
0.0,-334.0,-293.0,19.0
0.0,-334.0,-222.0,19.0
0.0,-337.0,488.0,16.0
0.0,-337.0,488.0,16.0
0.0,-336.0,488.0,16.0
0.0,-122.0,488.0,16.0
0.0,483.0,489.0,13.0
0.0,484.0,489.0,14.0
0.0,484.0,489.0,14.0
0.0,484.0,80.0,15.0
0.0,484.0,72.0,15.0
0.0,484.0,-132.0,16.0
0.0,484.0,-307.0,16.0
0.0,398.0,-303.0,18.0
0.0,-171.0,-300.0,19.0
0.0,-341.0,-299.0,19.0
0.0,-340.0,-298.0,19.0
0.0,-339.0,-297.0,19.0
0.0,-337.0,-296.0,19.0
0.0,-336.0,-295.0,19.0
0.0,-335.0,-294.0,19.0
0.0,-334.0,-186.0,19.0
0.0,-338.0,488.0,16.0
0.0,-337.0,488.0,16.0
0.0,-336.0,488.0,16.0
0.0,-89.0,488.0,15.0
0.0,484.0,489.0,13.0
0.0,484.0,489.0,14.0
0.0,484.0,489.0,13.0
0.0,484.0,76.0,15.0
0.0,484.0,74.0,15.0
0.0,483.0,-145.0,16.0
0.0,483.0,-308.0,16.0
0.0,387.0,-303.0,18.0
0.0,-197.0,-300.0,19.0
0.0,-341.0,-299.0,19.0
0.0,-340.0,-298.0,19.0
0.0,-338.0,-297.0,19.0
0.0,-337.0,-296.0,19.0
0.0,-336.0,-295.0,19.0
0.0,-335.0,-294.0,19.0
0.0,-334.0,-158.0,19.0
0.0,-338.0,488.0,16.0
0.0,-337.0,488.0,16.0
0.0,-336.0,488.0,16.0
0.0,-78.0,488.0,15.0
0.0,484.0,489.0,13.0
0.0,484.0,488.0,14.0
0.0,484.0,489.0,14.0
0.0,484.0,78.0,15.0
0.0,484.0,70.0,15.0
0.0,484.0,-152.0,16.0
0.0,484.0,-308.0,16.0
0.0,369.0,-303.0,18.0
0.0,-210.0,-300.0,19.0
0.0,-341.0,-299.0,19.0
0.0,-340.0,-299.0,19.0
0.0,-338.0,-297.0,19.0
0.0,-337.0,-296.0,19.0
0.0,-336.0,-296.0,19.0
0.0,-335.0,-294.0,19.0
0.0,-334.0,-117.0,19.0
0.0,-338.0,488.0,16.0
0.0,-337.0,488.0,16.0
0.0,-336.0,488.0,16.0
0.0,-44.0,488.0,15.0
0.0,484.0,488.0,13.0
0.0,484.0,489.0,14.0
0.0,484.0,489.0,13.0
0.0,484.0,76.0,15.0
0.0,484.0,68.0,15.0
0.0,484.0,-165.0,16.0
0.0,484.0,-308.0,16.0
0.0,354.0,-303.0,18.0
0.0,-240.0,-301.0,19.0
0.0,-341.0,-300.0,19.0
0.0,-340.0,-299.0,19.0
0.0,-338.0,-297.0,19.0
0.0,-337.0,-297.0,19.0
0.0,-336.0,-296.0,19.0
0.0,-335.0,-295.0,19.0
0.0,-334.0,-94.0,19.0
0.0,-338.0,488.0,16.0
0.0,-337.0,488.0,16.0
0.0,-336.0,488.0,16.0
0.0,-29.0,488.0,15.0
0.0,484.0,489.0,13.0
0.0,484.0,489.0,14.0
0.0,484.0,488.0,14.0
0.0,484.0,80.0,15.0
0.0,483.0,65.0,15.0
0.0,484.0,-169.0,16.0
0.0,483.0,-308.0,16.0
0.0,343.0,-304.0,18.0
0.0,-248.0,-301.0,19.0
0.0,-341.0,-300.0,19.0
0.0,-340.0,-299.0,19.0
0.0,-339.0,-298.0,19.0
0.0,-337.0,-297.0,19.0
0.0,-336.0,-296.0,19.0
0.0,-335.0,-295.0,19.0
0.0,-334.0,-52.0,19.0
0.0,-338.0,488.0,16.0
0.0,-337.0,488.0,16.0
0.0,-336.0,488.0,16.0
0.0,0.0,488.0,15.0
0.0,484.0,489.0,13.0
0.0,484.0,489.0,14.0
0.0,484.0,489.0,14.0
0.0,484.0,83.0,15.0
0.0,484.0,60.0,15.0
0.0,484.0,-183.0,16.0
0.0,484.0,-308.0,16.0
0.0,320.0,-304.0,18.0
0.0,-266.0,-301.0,19.0
0.0,-341.0,-300.0,19.0
0.0,-340.0,-299.0,19.0
0.0,-338.0,-298.0,19.0
0.0,-337.0,-297.0,19.0
0.0,-336.0,-296.0,19.0
0.0,-335.0,-295.0,19.0
0.0,-334.0,-34.0,19.0
0.0,-338.0,488.0,16.0
0.0,-337.0,488.0,16.0
0.0,-336.0,488.0,16.0
0.0,22.0,488.0,15.0
0.0,484.0,489.0,13.0
0.0,484.0,489.0,13.0
0.0,483.0,489.0,14.0
0.0,484.0,81.0,15.0
0.0,484.0,55.0,15.0
0.0,483.0,-192.0,16.0
0.0,484.0,-308.0,16.0
0.0,310.0,-304.0,18.0
0.0,-287.0,-301.0,19.0
0.0,-341.0,-300.0,19.0
0.0,-340.0,-299.0,19.0
0.0,-338.0,-298.0,19.0
0.0,-337.0,-297.0,19.0
0.0,-336.0,-296.0,19.0
0.0,-335.0,-295.0,19.0
0.0,-334.0,-5.0,18.0
0.0,-338.0,488.0,16.0
0.0,-337.0,488.0,16.0
0.0,-336.0,488.0,16.0
0.0,45.0,488.0,15.0
0.0,484.0,489.0,13.0
0.0,484.0,489.0,14.0
0.0,484.0,489.0,15.0
0.0,484.0,79.0,15.0
0.0,484.0,51.0,15.0
0.0,484.0,-204.0,16.0
0.0,484.0,-309.0,16.0
0.0,292.0,-304.0,18.0
0.0,-305.0,-301.0,18.0
0.0,-341.0,-300.0,19.0
0.0,-340.0,-299.0,19.0
0.0,-338.0,-298.0,19.0
0.0,-337.0,-297.0,19.0
0.0,-336.0,-296.0,19.0
0.0,-335.0,-295.0,19.0
0.0,-334.0,20.0,18.0
0.0,-338.0,488.0,16.0
0.0,-337.0,488.0,16.0
0.0,-336.0,488.0,16.0
0.0,63.0,488.0,15.0
0.0,484.0,489.0,13.0
0.0,484.0,488.0,14.0
0.0,484.0,488.0,15.0
0.0,484.0,81.0,15.0
0.0,484.0,49.0,16.0
0.0,484.0,-214.0,16.0
0.0,484.0,-309.0,16.0
0.0,276.0,-304.0,18.0
0.0,-323.0,-301.0,19.0
0.0,-341.0,-300.0,19.0
0.0,-339.0,-299.0,19.0
0.0,-338.0,-299.0,19.0
0.0,-337.0,-298.0,19.0
0.0,-336.0,-297.0,19.0
0.0,-335.0,-296.0,19.0
0.0,-334.0,50.0,18.0
0.0,-338.0,488.0,16.0
0.0,-337.0,488.0,16.0
0.0,-336.0,488.0,16.0
0.0,86.0,488.0,15.0
0.0,484.0,489.0,13.0
0.0,484.0,489.0,14.0
0.0,484.0,489.0,15.0
0.0,484.0,89.0,15.0
0.0,484.0,38.0,16.0
0.0,484.0,-221.0,16.0
0.0,484.0,-309.0,16.0
0.0,253.0,-304.0,18.0
0.0,-336.0,-302.0,19.0
0.0,-341.0,-301.0,19.0
0.0,-339.0,-300.0,19.0
0.0,-338.0,-299.0,19.0
0.0,-337.0,-298.0,19.0
0.0,-336.0,-297.0,19.0
0.0,-335.0,-296.0,19.0
0.0,-334.0,78.0,18.0
0.0,-338.0,488.0,16.0
0.0,-337.0,488.0,16.0
0.0,-336.0,488.0,16.0
0.0,105.0,488.0,15.0
0.0,484.0,489.0,13.0
0.0,484.0,489.0,13.0
0.0,484.0,489.0,15.0
0.0,484.0,89.0,15.0
0.0,484.0,34.0,16.0
0.0,484.0,-230.0,16.0
0.0,484.0,-309.0,16.0
0.0,243.0,-305.0,18.0
0.0,-340.0,-302.0,19.0
0.0,-341.0,-301.0,19.0
0.0,-340.0,-300.0,19.0
0.0,-338.0,-299.0,19.0
0.0,-337.0,-298.0,19.0
0.0,-336.0,-297.0,19.0
0.0,-335.0,-296.0,19.0
0.0,-333.0,94.0,18.0
0.0,-338.0,488.0,16.0
0.0,-337.0,489.0,16.0
0.0,-336.0,489.0,16.0
0.0,130.0,489.0,15.0
0.0,484.0,489.0,13.0
0.0,484.0,489.0,13.0
0.0,484.0,471.0,15.0
0.0,484.0,92.0,15.0
0.0,483.0,36.0,16.0
0.0,484.0,-241.0,16.0
0.0,483.0,-309.0,16.0
0.0,218.0,-305.0,18.0
0.0,-342.0,-302.0,19.0
0.0,-341.0,-301.0,19.0
0.0,-339.0,-300.0,19.0
0.0,-338.0,-299.0,18.0
0.0,-337.0,-298.0,19.0
0.0,-336.0,-297.0,19.0
0.0,-335.0,-296.0,19.0
0.0,-334.0,129.0,18.0
0.0,-338.0,488.0,16.0
0.0,-337.0,488.0,16.0
0.0,-336.0,488.0,16.0
0.0,149.0,488.0,15.0
0.0,484.0,489.0,14.0
0.0,484.0,489.0,14.0
0.0,484.0,436.0,15.0
0.0,483.0,92.0,15.0
0.0,484.0,36.0,16.0
0.0,483.0,-248.0,16.0
0.0,484.0,-310.0,16.0
0.0,206.0,-305.0,18.0
0.0,-342.0,-302.0,19.0
0.0,-340.0,-301.0,19.0
0.0,-339.0,-300.0,19.0
0.0,-338.0,-299.0,19.0
0.0,-337.0,-298.0,19.0
0.0,-336.0,-297.0,19.0
0.0,-335.0,-296.0,19.0
0.0,-334.0,147.0,18.0
0.0,-338.0,488.0,16.0
0.0,-337.0,488.0,16.0
0.0,-336.0,488.0,16.0
0.0,175.0,488.0,15.0
0.0,484.0,489.0,13.0
0.0,484.0,488.0,13.0
0.0,484.0,397.0,15.0
0.0,483.0,92.0,15.0
0.0,483.0,30.0,16.0
0.0,484.0,-262.0,16.0
0.0,483.0,-310.0,16.0
0.0,190.0,-305.0,18.0
0.0,-342.0,-302.0,19.0
0.0,-341.0,-301.0,19.0
0.0,-339.0,-300.0,19.0
0.0,-338.0,-299.0,19.0
0.0,-337.0,-299.0,19.0
0.0,-336.0,-298.0,19.0
0.0,-335.0,-296.0,19.0
0.0,-334.0,185.0,18.0
0.0,-338.0,489.0,16.0
0.0,-337.0,488.0,16.0
0.0,-336.0,488.0,16.0
0.0,200.0,489.0,15.0
0.0,484.0,489.0,13.0
0.0,484.0,489.0,13.0
0.0,484.0,365.0,15.0
0.0,484.0,91.0,15.0
0.0,484.0,20.0,16.0
0.0,484.0,-270.0,16.0
0.0,484.0,-310.0,16.0
0.0,174.0,-305.0,18.0
0.0,-342.0,-303.0,19.0
0.0,-341.0,-302.0,19.0
0.0,-339.0,-301.0,19.0
0.0,-338.0,-300.0,19.0
0.0,-337.0,-298.0,19.0
0.0,-336.0,-297.0,19.0
0.0,-335.0,-297.0,19.0
0.0,-334.0,213.0,18.0
0.0,-338.0,488.0,16.0
0.0,-336.0,488.0,16.0
0.0,-335.0,488.0,16.0
0.0,213.0,488.0,15.0
0.0,484.0,489.0,14.0
0.0,484.0,489.0,13.0
0.0,484.0,333.0,15.0
0.0,484.0,96.0,15.0
0.0,484.0,18.0,16.0
0.0,484.0,-279.0,16.0
0.0,484.0,-310.0,16.0
0.0,161.0,-306.0,18.0
0.0,-342.0,-303.0,19.0
0.0,-341.0,-301.0,19.0
0.0,-339.0,-301.0,19.0
0.0,-338.0,-300.0,19.0
0.0,-337.0,-299.0,19.0
0.0,-336.0,-297.0,19.0
0.0,-335.0,-297.0,19.0
0.0,-335.0,242.0,18.0
0.0,-338.0,489.0,16.0
0.0,-336.0,489.0,16.0
0.0,-336.0,488.0,16.0
0.0,240.0,488.0,15.0
0.0,484.0,489.0,13.0
0.0,484.0,489.0,14.0
0.0,484.0,270.0,15.0
0.0,484.0,98.0,15.0
0.0,484.0,5.0,16.0
0.0,484.0,-290.0,16.0
0.0,484.0,-310.0,16.0
0.0,143.0,-306.0,18.0
0.0,-342.0,-303.0,19.0
0.0,-341.0,-302.0,19.0
0.0,-339.0,-301.0,19.0
0.0,-338.0,-300.0,19.0
0.0,-337.0,-299.0,19.0
0.0,-336.0,-298.0,19.0
0.0,-335.0,-297.0,19.0
0.0,-335.0,265.0,18.0
0.0,-338.0,488.0,16.0
0.0,-337.0,489.0,16.0
0.0,-336.0,488.0,16.0
0.0,250.0,489.0,15.0
0.0,484.0,489.0,13.0
0.0,484.0,489.0,14.0
0.0,484.0,236.0,15.0
0.0,484.0,97.0,15.0
0.0,484.0,3.0,16.0
0.0,483.0,-299.0,16.0
0.0,484.0,-310.0,16.0
0.0,125.0,-306.0,19.0
0.0,-342.0,-303.0,19.0
0.0,-341.0,-302.0,19.0
0.0,-339.0,-301.0,19.0
0.0,-338.0,-300.0,19.0
0.0,-337.0,-299.0,19.0
0.0,-336.0,-298.0,19.0
0.0,-335.0,-297.0,19.0
0.0,-335.0,307.0,18.0
0.0,-338.0,488.0,16.0
0.0,-337.0,488.0,16.0
0.0,-336.0,488.0,17.0
0.0,285.0,488.0,15.0
0.0,484.0,489.0,14.0
0.0,484.0,488.0,14.0
0.0,484.0,189.0,15.0
0.0,484.0,96.0,15.0
0.0,484.0,-4.0,16.0
0.0,484.0,-309.0,16.0
0.0,484.0,-311.0,16.0
0.0,112.0,-306.0,19.0
0.0,-342.0,-303.0,19.0
0.0,-340.0,-302.0,19.0
0.0,-339.0,-301.0,19.0
0.0,-338.0,-300.0,19.0
0.0,-337.0,-299.0,19.0
0.0,-336.0,-298.0,19.0
0.0,-335.0,-297.0,19.0
0.0,-335.0,331.0,18.0
0.0,-338.0,489.0,16.0
0.0,-336.0,488.0,16.0
0.0,-335.0,488.0,18.0
0.0,293.0,488.0,15.0
0.0,484.0,489.0,14.0
0.0,484.0,489.0,14.0
0.0,484.0,159.0,15.0
0.0,484.0,93.0,15.0
0.0,484.0,-11.0,16.0
0.0,484.0,-311.0,16.0
0.0,484.0,-311.0,16.0
0.0,93.0,-307.0,19.0
0.0,-342.0,-303.0,19.0
0.0,-340.0,-302.0,19.0
0.0,-339.0,-301.0,19.0
0.0,-338.0,-300.0,19.0
0.0,-337.0,-299.0,19.0
0.0,-336.0,-298.0,19.0
0.0,-335.0,-297.0,19.0
0.0,-334.0,383.0,18.0
0.0,-338.0,488.0,16.0
0.0,-336.0,488.0,16.0
0.0,-335.0,488.0,19.0
0.0,318.0,488.0,15.0
0.0,484.0,488.0,13.0
0.0,484.0,489.0,14.0
0.0,484.0,111.0,15.0
0.0,484.0,93.0,15.0
0.0,484.0,-19.0,16.0
0.0,484.0,-312.0,16.0
0.0,484.0,-311.0,16.0
0.0,75.0,-307.0,19.0
0.0,-342.0,-304.0,19.0
0.0,-340.0,-302.0,19.0
0.0,-339.0,-301.0,19.0
0.0,-338.0,-300.0,19.0
0.0,-337.0,-299.0,19.0
0.0,-336.0,-298.0,19.0
0.0,-335.0,-297.0,19.0
0.0,-335.0,417.0,17.0
0.0,-338.0,488.0,16.0
0.0,-337.0,488.0,16.0
0.0,-335.0,488.0,19.0
0.0,324.0,488.0,15.0
0.0,484.0,488.0,14.0
0.0,484.0,488.0,14.0
0.0,484.0,95.0,15.0
0.0,484.0,95.0,15.0
0.0,484.0,-28.0,16.0
0.0,484.0,-312.0,16.0
0.0,484.0,-311.0,16.0
0.0,57.0,-306.0,19.0
0.0,-342.0,-304.0,19.0
0.0,-340.0,-303.0,19.0
0.0,-339.0,-301.0,19.0
0.0,-338.0,-301.0,19.0
0.0,-337.0,-300.0,19.0
0.0,-336.0,-299.0,19.0
0.0,-334.0,-298.0,19.0
0.0,-335.0,462.0,17.0
0.0,-337.0,488.0,16.0
0.0,-336.0,488.0,16.0
0.0,-335.0,489.0,19.0
0.0,337.0,489.0,15.0
0.0,484.0,488.0,14.0
0.0,484.0,489.0,14.0
0.0,484.0,85.0,15.0
0.0,484.0,92.0,15.0
0.0,483.0,-34.0,16.0
0.0,484.0,-312.0,16.0
0.0,483.0,-311.0,16.0
0.0,42.0,-306.0,19.0
0.0,-342.0,-304.0,19.0
0.0,-340.0,-303.0,19.0
0.0,-339.0,-302.0,19.0
0.0,-338.0,-301.0,19.0
0.0,-337.0,-300.0,19.0
0.0,-335.0,-299.0,19.0
0.0,-335.0,-298.0,19.0
0.0,-335.0,487.0,17.0
0.0,-338.0,488.0,16.0
0.0,-336.0,488.0,16.0
0.0,-335.0,489.0,19.0
0.0,354.0,489.0,15.0
0.0,484.0,489.0,14.0
0.0,483.0,489.0,14.0
0.0,484.0,83.0,15.0
0.0,484.0,90.0,15.0
0.0,484.0,-40.0,16.0
0.0,483.0,-312.0,16.0
0.0,484.0,-311.0,16.0
0.0,27.0,-306.0,19.0
0.0,-342.0,-304.0,19.0
0.0,-340.0,-303.0,19.0
0.0,-339.0,-302.0,19.0
0.0,-338.0,-301.0,19.0
0.0,-337.0,-300.0,19.0
0.0,-336.0,-299.0,19.0
0.0,-334.0,-298.0,19.0
0.0,-335.0,487.0,17.0
0.0,-337.0,488.0,16.0
0.0,-336.0,488.0,16.0
0.0,-335.0,489.0,18.0
0.0,371.0,488.0,15.0
0.0,483.0,489.0,14.0
0.0,484.0,489.0,14.0
0.0,484.0,82.0,15.0
0.0,484.0,89.0,15.0
0.0,484.0,-52.0,16.0
0.0,483.0,-312.0,16.0
0.0,484.0,-312.0,17.0
0.0,8.0,-306.0,19.0
0.0,-342.0,-304.0,19.0
0.0,-340.0,-303.0,19.0
0.0,-339.0,-302.0,19.0
0.0,-338.0,-301.0,19.0
0.0,-337.0,-300.0,19.0
0.0,-336.0,-300.0,19.0
0.0,-334.0,-298.0,19.0
0.0,-335.0,488.0,17.0
0.0,-337.0,488.0,16.0
0.0,-336.0,488.0,17.0
0.0,-334.0,488.0,18.0
0.0,384.0,488.0,15.0
0.0,484.0,489.0,14.0
0.0,484.0,488.0,14.0
0.0,484.0,84.0,15.0
0.0,484.0,86.0,15.0
0.0,484.0,-52.0,16.0
0.0,484.0,-313.0,16.0
0.0,484.0,-311.0,18.0
0.0,3.0,-306.0,19.0
0.0,-341.0,-304.0,19.0
0.0,-340.0,-303.0,19.0
0.0,-339.0,-302.0,19.0
0.0,-338.0,-301.0,19.0
0.0,-337.0,-300.0,19.0
0.0,-335.0,-299.0,19.0
0.0,-334.0,-298.0,19.0
0.0,-335.0,488.0,16.0
0.0,-337.0,488.0,16.0
0.0,-336.0,488.0,16.0
0.0,-321.0,488.0,17.0
0.0,401.0,488.0,14.0
0.0,484.0,489.0,13.0
0.0,484.0,489.0,13.0
0.0,484.0,80.0,15.0
0.0,484.0,89.0,15.0
0.0,484.0,-71.0,16.0
0.0,484.0,-313.0,16.0
0.0,484.0,-312.0,18.0
0.0,-28.0,-305.0,19.0
0.0,-342.0,-304.0,19.0
0.0,-340.0,-303.0,19.0
0.0,-338.0,-302.0,19.0
0.0,-338.0,-301.0,19.0
0.0,-337.0,-300.0,19.0
0.0,-336.0,-299.0,19.0
0.0,-334.0,-298.0,19.0
0.0,-336.0,488.0,16.0
0.0,-337.0,488.0,16.0
0.0,-336.0,488.0,16.0
0.0,-283.0,488.0,17.0
0.0,410.0,488.0,14.0
0.0,484.0,489.0,13.0
0.0,484.0,488.0,14.0
0.0,484.0,79.0,15.0
0.0,484.0,84.0,15.0
0.0,484.0,-74.0,16.0
0.0,484.0,-313.0,16.0
0.0,484.0,-312.0,18.0
0.0,-37.0,-306.0,19.0
0.0,-341.0,-305.0,19.0
0.0,-340.0,-303.0,19.0
0.0,-339.0,-303.0,19.0
0.0,-338.0,-301.0,19.0
0.0,-337.0,-300.0,19.0
0.0,-336.0,-300.0,19.0
0.0,-334.0,-298.0,19.0
0.0,-336.0,488.0,16.0
0.0,-337.0,488.0,16.0
0.0,-336.0,488.0,16.0
0.0,-237.0,488.0,17.0
0.0,431.0,488.0,14.0
0.0,484.0,489.0,14.0
0.0,484.0,489.0,13.0
0.0,484.0,80.0,15.0
0.0,484.0,81.0,15.0
0.0,484.0,-81.0,16.0
0.0,484.0,-313.0,16.0
0.0,484.0,-312.0,18.0
0.0,-58.0,-306.0,19.0
0.0,-341.0,-305.0,19.0
0.0,-340.0,-303.0,19.0
0.0,-339.0,-303.0,19.0
0.0,-337.0,-302.0,19.0
0.0,-336.0,-301.0,19.0
0.0,-335.0,-300.0,19.0
0.0,-334.0,-298.0,19.0
0.0,-335.0,488.0,16.0
0.0,-337.0,488.0,16.0
0.0,-336.0,488.0,16.0
0.0,-199.0,488.0,17.0
0.0,451.0,488.0,14.0
0.0,484.0,489.0,13.0
0.0,484.0,489.0,14.0
0.0,484.0,76.0,15.0
0.0,484.0,79.0,15.0
0.0,484.0,-91.0,16.0
0.0,484.0,-313.0,16.0
0.0,484.0,-311.0,18.0
0.0,-72.0,-306.0,19.0
0.0,-341.0,-305.0,19.0
0.0,-340.0,-304.0,19.0
0.0,-339.0,-303.0,19.0
0.0,-338.0,-302.0,19.0
0.0,-336.0,-301.0,19.0
0.0,-335.0,-300.0,19.0
0.0,-334.0,-297.0,19.0
0.0,-337.0,488.0,16.0
0.0,-337.0,488.0,16.0
0.0,-336.0,488.0,16.0
0.0,-191.0,488.0,16.0
0.0,465.0,489.0,14.0
0.0,484.0,489.0,14.0
0.0,484.0,489.0,14.0
0.0,484.0,77.0,15.0
0.0,484.0,75.0,15.0
0.0,484.0,-94.0,16.0
0.0,484.0,-314.0,16.0
0.0,484.0,-310.0,18.0
0.0,-86.0,-306.0,19.0
0.0,-342.0,-305.0,19.0
0.0,-340.0,-304.0,19.0
0.0,-339.0,-303.0,19.0
0.0,-338.0,-302.0,19.0
0.0,-337.0,-301.0,19.0
0.0,-336.0,-300.0,19.0
0.0,-334.0,-282.0,19.0
0.0,-337.0,488.0,16.0
0.0,-337.0,488.0,16.0
0.0,-336.0,488.0,16.0
0.0,-170.0,488.0,16.0
0.0,479.0,488.0,14.0
0.0,484.0,489.0,13.0
0.0,484.0,489.0,13.0
0.0,483.0,72.0,15.0
0.0,484.0,77.0,15.0
0.0,484.0,-109.0,16.0
0.0,484.0,-314.0,16.0
0.0,484.0,-310.0,18.0
0.0,-103.0,-306.0,19.0
0.0,-341.0,-305.0,19.0
0.0,-340.0,-304.0,19.0
0.0,-339.0,-303.0,19.0
0.0,-338.0,-302.0,19.0
0.0,-336.0,-301.0,19.0
0.0,-335.0,-300.0,19.0
0.0,-334.0,-258.0,19.0
0.0,-337.0,488.0,16.0
0.0,-337.0,488.0,16.0
0.0,-336.0,488.0,16.0
0.0,-158.0,488.0,16.0
0.0,483.0,488.0,14.0
0.0,484.0,489.0,14.0
0.0,484.0,489.0,14.0
0.0,484.0,74.0,15.0
0.0,484.0,76.0,15.0
0.0,484.0,-115.0,16.0
0.0,484.0,-314.0,16.0
0.0,463.0,-310.0,18.0
0.0,-121.0,-306.0,19.0
0.0,-341.0,-305.0,19.0
0.0,-340.0,-304.0,19.0
0.0,-339.0,-303.0,19.0
0.0,-338.0,-302.0,19.0
0.0,-336.0,-301.0,19.0
0.0,-335.0,-300.0,19.0
0.0,-334.0,-209.0,19.0
0.0,-338.0,488.0,16.0
0.0,-337.0,488.0,16.0
0.0,-336.0,488.0,16.0
0.0,-146.0,488.0,16.0
0.0,483.0,488.0,14.0
0.0,484.0,489.0,13.0
0.0,484.0,489.0,14.0
0.0,484.0,71.0,15.0
0.0,484.0,74.0,15.0
0.0,484.0,-126.0,16.0
0.0,484.0,-314.0,16.0
0.0,438.0,-310.0,18.0
0.0,-140.0,-306.0,19.0
0.0,-341.0,-305.0,19.0
0.0,-340.0,-304.0,19.0
0.0,-339.0,-303.0,19.0
0.0,-338.0,-302.0,19.0
0.0,-336.0,-301.0,19.0
0.0,-335.0,-300.0,19.0
0.0,-334.0,-190.0,19.0
0.0,-338.0,488.0,16.0
0.0,-337.0,488.0,16.0
0.0,-336.0,488.0,17.0
0.0,-136.0,488.0,16.0
0.0,483.0,489.0,14.0
0.0,484.0,489.0,14.0
0.0,484.0,489.0,14.0
0.0,484.0,73.0,15.0
0.0,484.0,73.0,15.0
0.0,484.0,-131.0,16.0
0.0,483.0,-314.0,16.0
0.0,420.0,-310.0,18.0
0.0,-156.0,-306.0,19.0
0.0,-341.0,-305.0,19.0
0.0,-340.0,-305.0,19.0
0.0,-339.0,-303.0,19.0
0.0,-338.0,-302.0,19.0
0.0,-336.0,-302.0,19.0
0.0,-335.0,-300.0,19.0
0.0,-334.0,-151.0,19.0
0.0,-338.0,488.0,16.0
0.0,-337.0,488.0,16.0
0.0,-336.0,488.0,16.0
0.0,-121.0,488.0,16.0
0.0,483.0,489.0,14.0
0.0,483.0,489.0,14.0
0.0,484.0,489.0,14.0
0.0,484.0,75.0,15.0
0.0,483.0,67.0,15.0
0.0,484.0,-141.0,16.0
0.0,484.0,-314.0,16.0
0.0,395.0,-310.0,18.0
0.0,-173.0,-307.0,19.0
0.0,-341.0,-306.0,19.0
0.0,-340.0,-305.0,19.0
0.0,-338.0,-303.0,19.0
0.0,-337.0,-303.0,19.0
0.0,-336.0,-302.0,19.0
0.0,-335.0,-301.0,19.0
0.0,-334.0,-131.0,19.0
0.0,-338.0,488.0,16.0
0.0,-337.0,488.0,16.0
0.0,-336.0,488.0,16.0
0.0,-108.0,488.0,16.0
0.0,484.0,489.0,13.0
0.0,484.0,489.0,14.0
0.0,484.0,488.0,14.0
0.0,483.0,69.0,15.0
0.0,484.0,68.0,15.0
0.0,484.0,-150.0,16.0
0.0,484.0,-314.0,16.0
0.0,387.0,-310.0,18.0
0.0,-191.0,-307.0,19.0
0.0,-341.0,-306.0,19.0
0.0,-340.0,-305.0,19.0
0.0,-338.0,-304.0,19.0
0.0,-337.0,-303.0,19.0
0.0,-336.0,-302.0,19.0
0.0,-335.0,-301.0,19.0
0.0,-334.0,-96.0,19.0
0.0,-338.0,488.0,16.0
0.0,-337.0,488.0,16.0
0.0,-336.0,488.0,16.0
0.0,-76.0,488.0,15.0
0.0,483.0,489.0,13.0
0.0,484.0,489.0,13.0
0.0,484.0,489.0,13.0
0.0,484.0,72.0,15.0
0.0,484.0,62.0,15.0
0.0,484.0,-159.0,16.0
0.0,484.0,-314.0,16.0
0.0,368.0,-310.0,18.0
0.0,-211.0,-307.0,19.0
0.0,-341.0,-306.0,19.0
0.0,-340.0,-305.0,19.0
0.0,-338.0,-304.0,19.0
0.0,-337.0,-303.0,19.0
0.0,-336.0,-302.0,19.0
0.0,-335.0,-301.0,19.0
0.0,-334.0,-66.0,19.0
0.0,-338.0,488.0,16.0
0.0,-337.0,488.0,16.0
0.0,-336.0,488.0,16.0
0.0,-57.0,488.0,15.0
0.0,484.0,489.0,13.0
0.0,484.0,488.0,14.0
0.0,484.0,489.0,14.0
0.0,484.0,71.0,15.0
0.0,484.0,64.0,15.0
0.0,484.0,-169.0,16.0
0.0,484.0,-315.0,16.0
0.0,363.0,-310.0,18.0
0.0,-225.0,-307.0,19.0
0.0,-341.0,-306.0,19.0
0.0,-340.0,-305.0,19.0
0.0,-338.0,-304.0,19.0
0.0,-337.0,-303.0,19.0
0.0,-336.0,-302.0,19.0
0.0,-335.0,-301.0,19.0
0.0,-334.0,-36.0,19.0
0.0,-338.0,488.0,16.0
0.0,-337.0,489.0,16.0
0.0,-336.0,488.0,16.0
0.0,-30.0,488.0,15.0
0.0,484.0,489.0,14.0
0.0,484.0,488.0,14.0
0.0,484.0,489.0,14.0
0.0,484.0,74.0,15.0
0.0,484.0,56.0,15.0
0.0,484.0,-176.0,16.0
0.0,484.0,-315.0,16.0
0.0,341.0,-310.0,18.0
0.0,-246.0,-307.0,19.0
0.0,-341.0,-306.0,19.0
0.0,-340.0,-305.0,19.0
0.0,-338.0,-304.0,19.0
0.0,-337.0,-303.0,19.0
0.0,-336.0,-302.0,19.0
0.0,-335.0,-301.0,19.0
0.0,-334.0,-6.0,18.0
0.0,-338.0,488.0,16.0
0.0,-336.0,488.0,16.0
0.0,-336.0,488.0,16.0
0.0,-13.0,488.0,15.0
0.0,484.0,489.0,13.0
0.0,484.0,488.0,13.0
0.0,484.0,488.0,14.0
0.0,484.0,77.0,15.0
0.0,484.0,53.0,15.0
0.0,484.0,-181.0,16.0
0.0,483.0,-315.0,16.0
0.0,333.0,-310.0,18.0
0.0,-255.0,-307.0,19.0
0.0,-341.0,-307.0,19.0
0.0,-340.0,-305.0,19.0
0.0,-338.0,-304.0,19.0
0.0,-337.0,-303.0,19.0
0.0,-336.0,-303.0,19.0
0.0,-335.0,-301.0,19.0
0.0,-334.0,22.0,18.0
0.0,-338.0,488.0,16.0
0.0,-337.0,488.0,16.0
0.0,-336.0,488.0,16.0
0.0,10.0,488.0,15.0
0.0,483.0,489.0,14.0
0.0,483.0,489.0,14.0
0.0,484.0,489.0,14.0
0.0,484.0,74.0,15.0
0.0,484.0,49.0,16.0
0.0,484.0,-198.0,16.0
0.0,483.0,-315.0,16.0
0.0,311.0,-311.0,18.0
0.0,-282.0,-308.0,19.0
0.0,-341.0,-307.0,19.0
0.0,-340.0,-306.0,19.0
0.0,-338.0,-304.0,19.0
0.0,-337.0,-304.0,19.0
0.0,-336.0,-303.0,19.0
0.0,-335.0,-302.0,19.0
0.0,-334.0,52.0,18.0
0.0,-338.0,488.0,16.0
0.0,-337.0,488.0,16.0
0.0,-336.0,488.0,16.0
0.0,34.0,488.0,15.0
0.0,484.0,488.0,13.0
0.0,484.0,488.0,14.0
0.0,484.0,489.0,14.0
0.0,484.0,79.0,15.0
0.0,484.0,45.0,15.0
0.0,484.0,-202.0,16.0
0.0,483.0,-315.0,16.0
0.0,299.0,-311.0,18.0
0.0,-289.0,-308.0,19.0
0.0,-341.0,-307.0,19.0
0.0,-339.0,-305.0,19.0
0.0,-338.0,-305.0,19.0
0.0,-337.0,-304.0,19.0
0.0,-336.0,-303.0,19.0
0.0,-335.0,-302.0,19.0
0.0,-334.0,65.0,18.0
0.0,-338.0,488.0,16.0
0.0,-337.0,488.0,16.0
0.0,-336.0,488.0,16.0
0.0,55.0,488.0,15.0
0.0,484.0,489.0,13.0
0.0,484.0,489.0,13.0
0.0,484.0,489.0,14.0
0.0,484.0,78.0,15.0
0.0,484.0,47.0,16.0
0.0,483.0,-214.0,16.0
0.0,484.0,-315.0,16.0
0.0,285.0,-311.0,18.0
0.0,-314.0,-308.0,19.0
0.0,-341.0,-307.0,19.0
0.0,-340.0,-306.0,19.0
0.0,-339.0,-305.0,19.0
0.0,-337.0,-304.0,19.0
0.0,-336.0,-303.0,19.0
0.0,-335.0,-302.0,19.0
0.0,-334.0,90.0,18.0
0.0,-338.0,488.0,16.0
0.0,-337.0,488.0,16.0
0.0,-336.0,488.0,16.0
0.0,78.0,488.0,15.0
0.0,484.0,489.0,14.0
0.0,484.0,489.0,14.0
0.0,484.0,489.0,14.0
0.0,484.0,78.0,15.0
0.0,484.0,37.0,16.0
0.0,484.0,-221.0,16.0
0.0,484.0,-315.0,16.0
0.0,270.0,-311.0,18.0
0.0,-328.0,-308.0,19.0
0.0,-341.0,-307.0,19.0
0.0,-339.0,-306.0,19.0
0.0,-338.0,-305.0,19.0
0.0,-337.0,-304.0,19.0
0.0,-336.0,-303.0,19.0
0.0,-335.0,-302.0,19.0
0.0,-334.0,107.0,18.0
0.0,-338.0,489.0,16.0
0.0,-337.0,488.0,16.0
0.0,-336.0,488.0,16.0
0.0,95.0,488.0,15.0
0.0,484.0,489.0,13.0
0.0,484.0,489.0,13.0
0.0,484.0,489.0,15.0
0.0,484.0,82.0,15.0
0.0,484.0,38.0,16.0
0.0,484.0,-230.0,16.0
0.0,484.0,-316.0,16.0
0.0,249.0,-311.0,18.0
0.0,-339.0,-308.0,19.0
0.0,-341.0,-307.0,19.0
0.0,-339.0,-306.0,19.0
0.0,-338.0,-305.0,19.0
0.0,-337.0,-304.0,19.0
0.0,-336.0,-303.0,19.0
0.0,-335.0,-302.0,19.0
0.0,-334.0,142.0,18.0
0.0,-338.0,488.0,16.0
0.0,-337.0,488.0,16.0
0.0,-336.0,488.0,16.0
0.0,125.0,488.0,15.0
0.0,484.0,489.0,13.0
0.0,484.0,489.0,13.0
0.0,483.0,489.0,15.0
0.0,484.0,81.0,15.0
0.0,484.0,36.0,16.0
0.0,484.0,-243.0,16.0
0.0,484.0,-316.0,16.0
0.0,237.0,-311.0,18.0
0.0,-341.0,-308.0,19.0
0.0,-341.0,-307.0,19.0
0.0,-339.0,-306.0,19.0
0.0,-338.0,-305.0,19.0
0.0,-337.0,-304.0,19.0
0.0,-336.0,-303.0,19.0
0.0,-335.0,-302.0,19.0
0.0,-334.0,166.0,18.0
0.0,-337.0,488.0,16.0
0.0,-337.0,488.0,16.0
0.0,-336.0,488.0,16.0
0.0,136.0,488.0,15.0
0.0,484.0,489.0,14.0
0.0,484.0,489.0,13.0
0.0,484.0,489.0,15.0
0.0,484.0,88.0,15.0
0.0,484.0,27.0,16.0
0.0,484.0,-249.0,16.0
0.0,484.0,-316.0,16.0
0.0,216.0,-311.0,18.0
0.0,-342.0,-309.0,19.0
0.0,-341.0,-308.0,19.0
0.0,-340.0,-306.0,19.0
0.0,-338.0,-305.0,19.0
0.0,-337.0,-304.0,19.0
0.0,-336.0,-303.0,19.0
0.0,-335.0,-302.0,19.0
0.0,-334.0,191.0,18.0
0.0,-338.0,488.0,16.0
0.0,-337.0,489.0,16.0
0.0,-336.0,488.0,16.0
0.0,169.0,488.0,15.0
0.0,484.0,489.0,13.0
0.0,484.0,489.0,14.0
0.0,484.0,480.0,15.0
0.0,484.0,81.0,15.0
0.0,484.0,25.0,16.0
0.0,484.0,-267.0,16.0
0.0,484.0,-316.0,16.0
0.0,205.0,-311.0,18.0
0.0,-342.0,-309.0,19.0
0.0,-341.0,-308.0,19.0
0.0,-339.0,-306.0,19.0
0.0,-338.0,-305.0,19.0
0.0,-337.0,-305.0,19.0
0.0,-336.0,-304.0,19.0
0.0,-335.0,-302.0,19.0
0.0,-334.0,222.0,18.0
0.0,-338.0,488.0,16.0
0.0,-336.0,488.0,16.0
0.0,-336.0,488.0,16.0
0.0,180.0,489.0,15.0
0.0,484.0,488.0,13.0
0.0,484.0,488.0,13.0
0.0,484.0,469.0,15.0
0.0,484.0,84.0,15.0
0.0,484.0,18.0,16.0
0.0,484.0,-271.0,16.0
0.0,483.0,-316.0,16.0
0.0,190.0,-312.0,18.0
0.0,-342.0,-309.0,19.0
0.0,-341.0,-308.0,19.0
0.0,-339.0,-307.0,19.0
0.0,-338.0,-306.0,19.0
0.0,-337.0,-305.0,19.0
0.0,-336.0,-304.0,19.0
0.0,-335.0,-303.0,19.0
0.0,-335.0,265.0,18.0
0.0,-338.0,488.0,16.0
0.0,-337.0,488.0,16.0
0.0,-336.0,488.0,16.0
0.0,206.0,488.0,15.0
0.0,484.0,489.0,14.0
0.0,484.0,489.0,14.0
0.0,484.0,420.0,15.0
0.0,484.0,86.0,15.0
0.0,484.0,12.0,16.0
0.0,484.0,-282.0,16.0
0.0,484.0,-316.0,16.0
0.0,170.0,-312.0,18.0
0.0,-342.0,-309.0,19.0
0.0,-341.0,-308.0,19.0
0.0,-339.0,-307.0,19.0
0.0,-338.0,-306.0,19.0
0.0,-337.0,-305.0,19.0
0.0,-336.0,-304.0,19.0
0.0,-335.0,-303.0,19.0
0.0,-335.0,289.0,18.0
0.0,-338.0,488.0,16.0
0.0,-336.0,488.0,16.0
0.0,-335.0,488.0,16.0
0.0,223.0,488.0,15.0
0.0,484.0,489.0,13.0
0.0,484.0,489.0,13.0
0.0,484.0,396.0,15.0
0.0,484.0,86.0,15.0
0.0,484.0,7.0,16.0
0.0,484.0,-290.0,16.0
0.0,483.0,-316.0,16.0
0.0,158.0,-312.0,18.0
0.0,-342.0,-309.0,19.0
0.0,-340.0,-308.0,19.0
0.0,-339.0,-306.0,19.0
0.0,-338.0,-306.0,19.0
0.0,-337.0,-305.0,19.0
0.0,-336.0,-304.0,19.0
0.0,-335.0,-303.0,19.0
0.0,-335.0,335.0,18.0
0.0,-338.0,488.0,16.0
0.0,-336.0,488.0,16.0
0.0,-335.0,488.0,16.0
0.0,242.0,488.0,15.0
0.0,484.0,488.0,14.0
0.0,484.0,489.0,14.0
0.0,484.0,351.0,15.0
0.0,484.0,89.0,15.0
0.0,484.0,1.0,16.0
0.0,483.0,-300.0,16.0
0.0,483.0,-317.0,16.0
0.0,140.0,-312.0,18.0
0.0,-342.0,-309.0,19.0
0.0,-340.0,-308.0,19.0
0.0,-339.0,-307.0,19.0
0.0,-338.0,-306.0,19.0
0.0,-337.0,-305.0,19.0
0.0,-336.0,-304.0,19.0
0.0,-334.0,-303.0,19.0
0.0,-335.0,346.0,18.0
0.0,-338.0,488.0,16.0
0.0,-337.0,488.0,16.0
0.0,-336.0,488.0,16.0
0.0,257.0,488.0,15.0
0.0,484.0,489.0,13.0
0.0,484.0,489.0,14.0
0.0,484.0,323.0,15.0
0.0,484.0,88.0,15.0
0.0,484.0,-2.0,16.0
0.0,484.0,-311.0,16.0
0.0,484.0,-317.0,16.0
0.0,126.0,-313.0,19.0
0.0,-342.0,-309.0,19.0
0.0,-340.0,-308.0,19.0
0.0,-339.0,-307.0,19.0
0.0,-337.0,-306.0,19.0
0.0,-337.0,-305.0,19.0
0.0,-336.0,-304.0,19.0
0.0,-335.0,-303.0,19.0
0.0,-335.0,391.0,18.0
0.0,-338.0,488.0,16.0
0.0,-336.0,488.0,16.0
0.0,-335.0,489.0,17.0
0.0,277.0,489.0,15.0
0.0,484.0,489.0,13.0
0.0,484.0,489.0,13.0
0.0,484.0,284.0,15.0
0.0,484.0,86.0,15.0
0.0,484.0,-11.0,16.0
0.0,484.0,-315.0,16.0
0.0,484.0,-317.0,16.0
0.0,105.0,-313.0,19.0
0.0,-342.0,-309.0,19.0
0.0,-340.0,-308.0,19.0
0.0,-339.0,-307.0,19.0
0.0,-338.0,-306.0,19.0
0.0,-337.0,-305.0,18.0
0.0,-336.0,-304.0,19.0
0.0,-335.0,-303.0,19.0
0.0,-335.0,430.0,17.0
0.0,-338.0,488.0,16.0
0.0,-336.0,488.0,16.0
0.0,-335.0,488.0,18.0
0.0,291.0,488.0,15.0
0.0,484.0,489.0,13.0
0.0,484.0,489.0,13.0
0.0,484.0,249.0,15.0
0.0,484.0,87.0,15.0
0.0,484.0,-15.0,16.0
0.0,484.0,-317.0,16.0
0.0,484.0,-317.0,16.0
0.0,93.0,-313.0,18.0
0.0,-342.0,-310.0,19.0
0.0,-340.0,-308.0,19.0
0.0,-339.0,-307.0,19.0
0.0,-338.0,-307.0,19.0
0.0,-336.0,-306.0,19.0
0.0,-336.0,-304.0,19.0
0.0,-334.0,-303.0,19.0
0.0,-335.0,479.0,17.0
0.0,-337.0,488.0,16.0
0.0,-336.0,488.0,16.0
0.0,-335.0,488.0,19.0
0.0,307.0,489.0,15.0
0.0,484.0,489.0,14.0
0.0,484.0,489.0,14.0
0.0,484.0,206.0,15.0
0.0,484.0,89.0,15.0
0.0,484.0,-32.0,17.0
0.0,484.0,-318.0,16.0
0.0,483.0,-317.0,16.0
0.0,70.0,-313.0,19.0
0.0,-342.0,-310.0,19.0
0.0,-340.0,-309.0,19.0
0.0,-339.0,-308.0,19.0
0.0,-338.0,-307.0,19.0
0.0,-337.0,-306.0,19.0
0.0,-336.0,-305.0,19.0
0.0,-335.0,-303.0,19.0
0.0,-335.0,488.0,17.0
0.0,-338.0,488.0,16.0
0.0,-337.0,488.0,16.0
0.0,-336.0,488.0,19.0
0.0,317.0,488.0,15.0
0.0,484.0,488.0,14.0
0.0,484.0,488.0,14.0
0.0,484.0,179.0,15.0
0.0,484.0,89.0,15.0
0.0,484.0,-34.0,16.0
0.0,483.0,-318.0,16.0
0.0,484.0,-317.0,16.0
0.0,55.0,-313.0,19.0
0.0,-342.0,-310.0,19.0
0.0,-340.0,-309.0,19.0
0.0,-339.0,-308.0,19.0
0.0,-338.0,-307.0,19.0
0.0,-337.0,-306.0,19.0
0.0,-336.0,-305.0,19.0
0.0,-334.0,-304.0,19.0
0.0,-335.0,488.0,17.0
0.0,-338.0,488.0,16.0
0.0,-336.0,488.0,16.0
0.0,-335.0,489.0,19.0
0.0,335.0,489.0,15.0
0.0,484.0,489.0,13.0
0.0,484.0,488.0,13.0
0.0,484.0,136.0,15.0
0.0,484.0,87.0,15.0
0.0,484.0,-41.0,16.0
0.0,484.0,-318.0,16.0
0.0,484.0,-317.0,16.0
0.0,39.0,-312.0,19.0
0.0,-342.0,-310.0,19.0
0.0,-340.0,-309.0,19.0
0.0,-339.0,-308.0,19.0
0.0,-338.0,-307.0,19.0
0.0,-337.0,-306.0,19.0
0.0,-336.0,-305.0,19.0
0.0,-335.0,-304.0,19.0
0.0,-335.0,488.0,16.0
0.0,-338.0,488.0,16.0
0.0,-336.0,488.0,16.0
0.0,-335.0,489.0,19.0
0.0,349.0,488.0,15.0
0.0,484.0,488.0,14.0
0.0,484.0,489.0,13.0
0.0,484.0,112.0,15.0
0.0,484.0,84.0,15.0
0.0,484.0,-45.0,16.0
0.0,484.0,-319.0,16.0
0.0,484.0,-317.0,16.0
0.0,28.0,-312.0,19.0
0.0,-341.0,-310.0,19.0
0.0,-340.0,-309.0,19.0
0.0,-339.0,-308.0,19.0
0.0,-338.0,-307.0,19.0
0.0,-337.0,-306.0,19.0
0.0,-336.0,-305.0,19.0
0.0,-335.0,-304.0,19.0
0.0,-336.0,488.0,16.0
0.0,-338.0,488.0,16.0
0.0,-336.0,489.0,16.0
0.0,-336.0,489.0,18.0
0.0,363.0,488.0,15.0
0.0,484.0,489.0,13.0
0.0,484.0,489.0,13.0
0.0,484.0,92.0,15.0
0.0,484.0,81.0,15.0
0.0,484.0,-53.0,16.0
0.0,484.0,-319.0,16.0
0.0,483.0,-317.0,17.0
0.0,12.0,-312.0,19.0
0.0,-342.0,-310.0,19.0
0.0,-340.0,-309.0,19.0
0.0,-339.0,-307.0,19.0
0.0,-338.0,-307.0,19.0
0.0,-337.0,-306.0,19.0
0.0,-336.0,-305.0,19.0
0.0,-335.0,-304.0,19.0
0.0,-336.0,488.0,16.0
0.0,-338.0,488.0,16.0
0.0,-336.0,488.0,16.0
0.0,-335.0,488.0,18.0
0.0,386.0,488.0,14.0
0.0,484.0,489.0,13.0
0.0,484.0,489.0,13.0
0.0,484.0,81.0,15.0
0.0,484.0,81.0,15.0
0.0,484.0,-64.0,16.0
0.0,484.0,-319.0,16.0
0.0,483.0,-318.0,18.0
0.0,3.0,-312.0,19.0
0.0,-342.0,-311.0,19.0
0.0,-341.0,-309.0,19.0
0.0,-339.0,-308.0,19.0
0.0,-338.0,-307.0,19.0
0.0,-337.0,-306.0,19.0
0.0,-336.0,-305.0,19.0
0.0,-334.0,-304.0,19.0
0.0,-336.0,488.0,16.0
0.0,-337.0,489.0,16.0
0.0,-336.0,488.0,16.0
0.0,-331.0,488.0,17.0
0.0,391.0,489.0,14.0
0.0,484.0,489.0,13.0
0.0,484.0,489.0,13.0
0.0,484.0,77.0,15.0
0.0,484.0,81.0,15.0
0.0,484.0,-71.0,16.0
0.0,484.0,-319.0,16.0
0.0,484.0,-318.0,18.0
0.0,-17.0,-312.0,19.0
0.0,-341.0,-311.0,19.0
0.0,-340.0,-310.0,19.0
0.0,-339.0,-308.0,19.0
0.0,-337.0,-307.0,19.0
0.0,-336.0,-306.0,19.0
0.0,-335.0,-305.0,19.0
0.0,-335.0,-304.0,19.0
0.0,-336.0,488.0,16.0
0.0,-337.0,488.0,16.0
0.0,-336.0,488.0,16.0
0.0,-299.0,488.0,17.0
0.0,411.0,489.0,14.0
0.0,484.0,489.0,14.0
0.0,484.0,489.0,13.0
0.0,484.0,74.0,15.0
0.0,484.0,80.0,14.0
0.0,484.0,-78.0,16.0
0.0,484.0,-319.0,16.0
0.0,484.0,-318.0,18.0
0.0,-29.0,-312.0,19.0
0.0,-341.0,-311.0,19.0
0.0,-340.0,-310.0,19.0
0.0,-339.0,-309.0,19.0
0.0,-338.0,-307.0,19.0
0.0,-337.0,-307.0,18.0
0.0,-335.0,-306.0,18.0
0.0,-334.0,-303.0,19.0
0.0,-337.0,488.0,16.0
0.0,-337.0,488.0,16.0
0.0,-336.0,488.0,16.0
0.0,-263.0,488.0,17.0
0.0,421.0,488.0,14.0
0.0,484.0,489.0,14.0
0.0,484.0,489.0,14.0
0.0,484.0,74.0,15.0
0.0,484.0,77.0,15.0
0.0,484.0,-84.0,16.0
0.0,483.0,-319.0,16.0
0.0,483.0,-318.0,18.0
0.0,-46.0,-312.0,19.0
0.0,-341.0,-311.0,18.0
0.0,-340.0,-310.0,19.0
0.0,-339.0,-309.0,19.0
0.0,-338.0,-308.0,19.0
0.0,-336.0,-306.0,19.0
0.0,-335.0,-306.0,19.0
0.0,-334.0,-273.0,19.0
0.0,-337.0,488.0,16.0
0.0,-337.0,488.0,16.0
0.0,-336.0,488.0,16.0
0.0,-214.0,488.0,17.0
0.0,443.0,488.0,13.0
0.0,484.0,489.0,13.0
0.0,484.0,489.0,13.0
0.0,484.0,75.0,15.0
0.0,484.0,72.0,15.0
0.0,483.0,-92.0,16.0
0.0,484.0,-319.0,16.0
0.0,484.0,-318.0,18.0
0.0,-61.0,-312.0,19.0
0.0,-341.0,-311.0,18.0
0.0,-340.0,-310.0,19.0
0.0,-339.0,-309.0,19.0
0.0,-338.0,-308.0,19.0
0.0,-336.0,-307.0,19.0
0.0,-335.0,-306.0,19.0
0.0,-334.0,-257.0,19.0
0.0,-337.0,488.0,16.0
0.0,-337.0,488.0,16.0
0.0,-336.0,488.0,16.0
0.0,-201.0,488.0,17.0
0.0,456.0,488.0,14.0
0.0,484.0,489.0,14.0
0.0,484.0,489.0,14.0
0.0,484.0,70.0,15.0
0.0,484.0,73.0,15.0
0.0,484.0,-101.0,16.0
0.0,484.0,-320.0,16.0
0.0,484.0,-317.0,18.0
0.0,-75.0,-312.0,19.0
0.0,-341.0,-311.0,19.0
0.0,-340.0,-310.0,19.0
0.0,-339.0,-309.0,19.0
0.0,-338.0,-308.0,19.0
0.0,-337.0,-307.0,19.0
0.0,-335.0,-306.0,19.0
0.0,-334.0,-213.0,19.0
0.0,-338.0,488.0,16.0
0.0,-337.0,488.0,16.0
0.0,-336.0,488.0,16.0
0.0,-176.0,488.0,16.0
0.0,468.0,488.0,14.0
0.0,484.0,489.0,14.0
0.0,484.0,489.0,13.0
0.0,484.0,71.0,15.0
0.0,484.0,71.0,15.0
0.0,484.0,-109.0,16.0
0.0,484.0,-319.0,16.0
0.0,484.0,-316.0,18.0
0.0,-98.0,-312.0,19.0
0.0,-341.0,-311.0,19.0
0.0,-340.0,-310.0,19.0
0.0,-339.0,-309.0,19.0
0.0,-338.0,-308.0,19.0
0.0,-336.0,-307.0,19.0
0.0,-335.0,-306.0,19.0
0.0,-334.0,-183.0,19.0
0.0,-338.0,488.0,16.0
0.0,-337.0,488.0,16.0
0.0,-336.0,488.0,16.0
0.0,-167.0,488.0,16.0
0.0,480.0,489.0,14.0
0.0,484.0,489.0,14.0
0.0,484.0,489.0,13.0
0.0,484.0,66.0,15.0
0.0,484.0,73.0,15.0
0.0,484.0,-117.0,16.0
0.0,483.0,-320.0,16.0
0.0,484.0,-316.0,18.0
0.0,-110.0,-312.0,19.0
0.0,-341.0,-312.0,19.0
0.0,-340.0,-310.0,19.0
0.0,-339.0,-309.0,19.0
0.0,-338.0,-308.0,19.0
0.0,-336.0,-307.0,19.0
0.0,-335.0,-306.0,19.0
0.0,-334.0,-158.0,19.0
0.0,-338.0,488.0,16.0
0.0,-337.0,488.0,16.0
0.0,-336.0,488.0,16.0
0.0,-145.0,488.0,16.0
0.0,483.0,489.0,14.0
0.0,484.0,489.0,13.0
0.0,484.0,489.0,14.0
0.0,484.0,67.0,15.0
0.0,484.0,68.0,15.0
0.0,484.0,-126.0,16.0
0.0,484.0,-320.0,16.0
0.0,450.0,-316.0,18.0
0.0,-130.0,-313.0,19.0
0.0,-341.0,-312.0,19.0
0.0,-340.0,-311.0,19.0
0.0,-339.0,-309.0,19.0
0.0,-337.0,-308.0,19.0
0.0,-336.0,-308.0,19.0
0.0,-335.0,-307.0,19.0
0.0,-334.0,-131.0,19.0
0.0,-338.0,488.0,16.0
0.0,-337.0,488.0,16.0
0.0,-336.0,488.0,16.0
0.0,-142.0,488.0,16.0
0.0,483.0,488.0,13.0
0.0,484.0,489.0,14.0
0.0,484.0,489.0,14.0
0.0,484.0,68.0,15.0
0.0,484.0,63.0,15.0
0.0,484.0,-131.0,16.0
0.0,483.0,-320.0,16.0
0.0,433.0,-316.0,18.0
0.0,-141.0,-313.0,19.0
0.0,-341.0,-312.0,19.0
0.0,-340.0,-311.0,19.0
0.0,-338.0,-310.0,19.0
0.0,-337.0,-309.0,19.0
0.0,-336.0,-308.0,19.0
0.0,-335.0,-307.0,19.0
0.0,-334.0,-104.0,19.0
0.0,-338.0,488.0,16.0
0.0,-337.0,488.0,16.0
0.0,-336.0,488.0,16.0
0.0,-135.0,489.0,16.0
0.0,483.0,488.0,13.0
0.0,484.0,489.0,14.0
0.0,484.0,489.0,14.0
0.0,484.0,62.0,15.0
0.0,484.0,63.0,15.0
0.0,484.0,-146.0,16.0
0.0,483.0,-320.0,16.0
0.0,409.0,-316.0,18.0
0.0,-165.0,-313.0,19.0
0.0,-341.0,-312.0,19.0
0.0,-340.0,-311.0,19.0
0.0,-339.0,-310.0,19.0
0.0,-337.0,-309.0,19.0
0.0,-336.0,-308.0,19.0
0.0,-335.0,-307.0,19.0
0.0,-334.0,-69.0,19.0
0.0,-338.0,488.0,16.0
0.0,-337.0,489.0,16.0
0.0,-336.0,488.0,16.0
0.0,-115.0,489.0,16.0
0.0,484.0,489.0,14.0
0.0,484.0,489.0,13.0
0.0,484.0,489.0,14.0
0.0,484.0,64.0,15.0
0.0,484.0,61.0,15.0
0.0,483.0,-150.0,16.0
0.0,484.0,-321.0,16.0
0.0,398.0,-316.0,18.0
0.0,-172.0,-313.0,19.0
0.0,-341.0,-312.0,19.0
0.0,-340.0,-311.0,19.0
0.0,-339.0,-310.0,19.0
0.0,-337.0,-309.0,19.0
0.0,-336.0,-308.0,19.0
0.0,-335.0,-307.0,19.0
0.0,-334.0,-42.0,19.0
0.0,-338.0,488.0,16.0
0.0,-337.0,488.0,16.0
0.0,-336.0,488.0,16.0
0.0,-101.0,488.0,16.0
0.0,483.0,489.0,13.0
0.0,484.0,489.0,13.0
0.0,484.0,489.0,13.0
0.0,483.0,62.0,15.0
0.0,484.0,59.0,15.0
0.0,484.0,-162.0,16.0
0.0,484.0,-321.0,16.0
0.0,385.0,-316.0,18.0
0.0,-195.0,-314.0,19.0
0.0,-341.0,-312.0,19.0
0.0,-340.0,-311.0,19.0
0.0,-338.0,-310.0,19.0
0.0,-337.0,-309.0,19.0
0.0,-336.0,-308.0,19.0
0.0,-335.0,-307.0,19.0
0.0,-334.0,-8.0,18.0
0.0,-338.0,488.0,16.0
0.0,-336.0,488.0,16.0
0.0,-336.0,488.0,16.0
0.0,-79.0,488.0,15.0
0.0,484.0,489.0,13.0
0.0,484.0,488.0,14.0
0.0,484.0,488.0,13.0
0.0,484.0,59.0,15.0
0.0,484.0,57.0,15.0
0.0,484.0,-168.0,16.0
0.0,484.0,-321.0,16.0
0.0,375.0,-316.0,18.0
0.0,-208.0,-313.0,19.0
0.0,-341.0,-313.0,19.0
0.0,-340.0,-311.0,19.0
0.0,-338.0,-310.0,19.0
0.0,-337.0,-309.0,19.0
0.0,-336.0,-308.0,19.0
0.0,-335.0,-307.0,19.0
0.0,-334.0,14.0,18.0
0.0,-338.0,488.0,16.0
0.0,-337.0,488.0,16.0
0.0,-336.0,488.0,16.0
0.0,-55.0,488.0,15.0
0.0,484.0,488.0,13.0
0.0,484.0,489.0,14.0
0.0,484.0,489.0,13.0
0.0,483.0,67.0,15.0
0.0,484.0,54.0,15.0
0.0,484.0,-172.0,16.0
0.0,483.0,-321.0,16.0
0.0,355.0,-317.0,18.0
0.0,-224.0,-314.0,19.0
0.0,-341.0,-313.0,19.0
0.0,-340.0,-311.0,19.0
0.0,-338.0,-310.0,19.0
0.0,-337.0,-309.0,19.0
0.0,-336.0,-309.0,19.0
0.0,-335.0,-308.0,19.0
0.0,-334.0,42.0,18.0
0.0,-338.0,488.0,16.0
0.0,-337.0,488.0,16.0
0.0,-336.0,488.0,16.0
0.0,-33.0,488.0,15.0
0.0,484.0,489.0,13.0
0.0,484.0,489.0,13.0
0.0,484.0,489.0,14.0
0.0,483.0,65.0,15.0
0.0,484.0,48.0,15.0
0.0,483.0,-183.0,16.0
0.0,484.0,-321.0,16.0
0.0,345.0,-317.0,18.0
0.0,-239.0,-314.0,19.0
0.0,-341.0,-313.0,19.0
0.0,-340.0,-312.0,19.0
0.0,-338.0,-311.0,19.0
0.0,-337.0,-310.0,19.0
0.0,-336.0,-309.0,19.0
0.0,-335.0,-308.0,19.0
0.0,-334.0,62.0,18.0
0.0,-338.0,488.0,16.0
0.0,-337.0,488.0,16.0
0.0,-336.0,488.0,16.0
0.0,-14.0,488.0,15.0
0.0,484.0,489.0,14.0
0.0,484.0,489.0,14.0
0.0,484.0,489.0,14.0
0.0,483.0,69.0,15.0
0.0,484.0,46.0,15.0
0.0,484.0,-189.0,16.0
0.0,484.0,-321.0,16.0
0.0,330.0,-317.0,18.0
0.0,-262.0,-314.0,19.0
0.0,-341.0,-313.0,19.0
0.0,-340.0,-312.0,19.0
0.0,-338.0,-311.0,19.0
0.0,-337.0,-310.0,19.0
0.0,-336.0,-309.0,19.0
0.0,-335.0,-308.0,19.0
0.0,-334.0,86.0,18.0
0.0,-338.0,488.0,16.0
0.0,-337.0,488.0,16.0
0.0,-336.0,488.0,16.0
0.0,17.0,488.0,15.0
0.0,484.0,489.0,13.0
0.0,484.0,489.0,13.0
0.0,484.0,489.0,14.0
0.0,484.0,68.0,15.0
0.0,484.0,45.0,15.0
0.0,484.0,-200.0,16.0
0.0,484.0,-322.0,16.0
0.0,317.0,-317.0,18.0
0.0,-275.0,-314.0,19.0
0.0,-341.0,-313.0,19.0
0.0,-339.0,-312.0,19.0
0.0,-338.0,-310.0,19.0
0.0,-337.0,-310.0,19.0
0.0,-336.0,-309.0,19.0
0.0,-335.0,-308.0,19.0
0.0,-334.0,99.0,18.0
0.0,-338.0,488.0,16.0
0.0,-337.0,488.0,16.0
0.0,-336.0,488.0,16.0
0.0,30.0,488.0,15.0
0.0,484.0,489.0,14.0
0.0,484.0,489.0,14.0
0.0,484.0,489.0,14.0
0.0,484.0,66.0,15.0
0.0,484.0,41.0,16.0
0.0,484.0,-209.0,16.0
0.0,484.0,-322.0,16.0
0.0,303.0,-317.0,18.0
0.0,-295.0,-314.0,19.0
0.0,-341.0,-313.0,19.0
0.0,-339.0,-312.0,19.0
0.0,-338.0,-311.0,19.0
0.0,-337.0,-310.0,19.0
0.0,-336.0,-309.0,19.0
0.0,-335.0,-308.0,19.0
0.0,-334.0,141.0,18.0
0.0,-338.0,488.0,16.0
0.0,-337.0,488.0,16.0
0.0,-336.0,488.0,16.0
0.0,51.0,488.0,15.0
0.0,484.0,489.0,13.0
0.0,484.0,489.0,14.0
0.0,484.0,489.0,14.0
0.0,484.0,71.0,15.0
0.0,484.0,33.0,16.0
0.0,483.0,-219.0,16.0
0.0,484.0,-322.0,16.0
0.0,286.0,-317.0,18.0
0.0,-308.0,-314.0,19.0
0.0,-341.0,-313.0,19.0
0.0,-340.0,-313.0,19.0
0.0,-338.0,-311.0,19.0
0.0,-336.0,-310.0,19.0
0.0,-336.0,-309.0,19.0
0.0,-335.0,-308.0,19.0
0.0,-334.0,164.0,18.0
0.0,-338.0,488.0,16.0
0.0,-337.0,488.0,16.0
0.0,-336.0,488.0,16.0
0.0,63.0,488.0,15.0
0.0,484.0,489.0,14.0
0.0,483.0,489.0,14.0
0.0,484.0,489.0,14.0
0.0,484.0,69.0,15.0
0.0,484.0,35.0,16.0
0.0,484.0,-227.0,16.0
0.0,484.0,-322.0,16.0
0.0,270.0,-317.0,18.0
0.0,-324.0,-315.0,19.0
0.0,-341.0,-314.0,19.0
0.0,-339.0,-312.0,19.0
0.0,-338.0,-311.0,19.0
0.0,-337.0,-310.0,19.0
0.0,-336.0,-309.0,19.0
0.0,-335.0,-308.0,19.0
0.0,-334.0,199.0,18.0
0.0,-338.0,488.0,16.0
0.0,-337.0,488.0,16.0
0.0,-336.0,488.0,16.0
0.0,84.0,488.0,15.0
0.0,484.0,489.0,13.0
0.0,484.0,489.0,14.0
0.0,484.0,489.0,14.0
0.0,484.0,76.0,15.0
0.0,484.0,30.0,16.0
0.0,484.0,-239.0,16.0
0.0,483.0,-322.0,16.0
0.0,252.0,-317.0,18.0
0.0,-337.0,-315.0,19.0
0.0,-341.0,-314.0,19.0
0.0,-339.0,-313.0,19.0
0.0,-338.0,-312.0,19.0
0.0,-337.0,-311.0,19.0
0.0,-335.0,-309.0,19.0
0.0,-335.0,-308.0,19.0
0.0,-334.0,216.0,18.0
0.0,-338.0,488.0,16.0
0.0,-336.0,488.0,16.0
0.0,-336.0,488.0,16.0
0.0,105.0,488.0,15.0
0.0,484.0,489.0,13.0
0.0,484.0,488.0,14.0
0.0,484.0,489.0,14.0
0.0,484.0,76.0,15.0
0.0,484.0,31.0,16.0
0.0,484.0,-247.0,16.0
0.0,484.0,-322.0,16.0
0.0,241.0,-318.0,18.0
0.0,-340.0,-315.0,19.0
0.0,-340.0,-314.0,19.0
0.0,-339.0,-313.0,19.0
0.0,-338.0,-312.0,19.0
0.0,-337.0,-311.0,19.0
0.0,-336.0,-310.0,19.0
0.0,-335.0,-309.0,19.0
0.0,-335.0,249.0,18.0
0.0,-338.0,488.0,16.0
0.0,-336.0,488.0,16.0
0.0,-336.0,488.0,16.0
0.0,136.0,488.0,15.0
0.0,484.0,489.0,13.0
0.0,484.0,489.0,14.0
0.0,484.0,489.0,14.0
0.0,484.0,75.0,15.0
0.0,484.0,24.0,16.0
0.0,484.0,-259.0,16.0
0.0,484.0,-323.0,16.0
0.0,222.0,-318.0,18.0
0.0,-341.0,-315.0,19.0
0.0,-341.0,-314.0,19.0
0.0,-339.0,-313.0,19.0
0.0,-338.0,-312.0,19.0
0.0,-337.0,-311.0,19.0
0.0,-336.0,-310.0,19.0
0.0,-335.0,-309.0,19.0
0.0,-335.0,288.0,18.0
0.0,-338.0,488.0,16.0
0.0,-337.0,489.0,16.0
0.0,-335.0,488.0,16.0
0.0,154.0,488.0,15.0
0.0,484.0,489.0,14.0
0.0,484.0,489.0,14.0
0.0,484.0,489.0,14.0
0.0,484.0,76.0,15.0
0.0,484.0,21.0,16.0
0.0,484.0,-263.0,16.0
0.0,484.0,-322.0,16.0
0.0,213.0,-318.0,18.0
0.0,-342.0,-316.0,19.0
0.0,-340.0,-314.0,19.0
0.0,-339.0,-313.0,19.0
0.0,-338.0,-312.0,19.0
0.0,-337.0,-311.0,19.0
0.0,-336.0,-310.0,19.0
0.0,-335.0,-309.0,18.0
0.0,-335.0,319.0,18.0
0.0,-338.0,488.0,16.0
0.0,-336.0,488.0,16.0
0.0,-335.0,488.0,16.0
0.0,180.0,488.0,15.0
0.0,484.0,489.0,13.0
0.0,484.0,489.0,14.0
0.0,484.0,489.0,15.0
0.0,484.0,79.0,15.0
0.0,484.0,14.0,16.0
0.0,484.0,-273.0,16.0
0.0,484.0,-323.0,16.0
0.0,193.0,-318.0,18.0
0.0,-342.0,-316.0,19.0
0.0,-341.0,-314.0,19.0
0.0,-339.0,-313.0,19.0
0.0,-338.0,-313.0,19.0
0.0,-337.0,-311.0,19.0
0.0,-336.0,-310.0,19.0
0.0,-335.0,-309.0,19.0
0.0,-335.0,347.0,18.0
0.0,-338.0,488.0,16.0
0.0,-336.0,488.0,16.0
0.0,-335.0,488.0,16.0
0.0,192.0,488.0,15.0
0.0,484.0,488.0,14.0
0.0,484.0,489.0,14.0
0.0,484.0,489.0,15.0
0.0,484.0,82.0,15.0
0.0,484.0,9.0,16.0
0.0,484.0,-279.0,16.0
0.0,484.0,-323.0,16.0
0.0,181.0,-318.0,18.0
0.0,-342.0,-316.0,19.0
0.0,-340.0,-315.0,19.0
0.0,-339.0,-313.0,19.0
0.0,-338.0,-312.0,19.0
0.0,-337.0,-312.0,19.0
0.0,-336.0,-311.0,19.0
0.0,-335.0,-309.0,19.0
0.0,-335.0,379.0,18.0
0.0,-338.0,488.0,16.0
0.0,-336.0,488.0,16.0
0.0,-335.0,488.0,16.0
0.0,209.0,489.0,15.0
0.0,484.0,489.0,14.0
0.0,484.0,489.0,14.0
0.0,483.0,489.0,15.0
0.0,484.0,79.0,15.0
0.0,484.0,3.0,16.0
0.0,484.0,-293.0,16.0
0.0,484.0,-323.0,16.0
0.0,168.0,-319.0,18.0
0.0,-342.0,-316.0,19.0
0.0,-340.0,-315.0,19.0
0.0,-339.0,-314.0,19.0
0.0,-338.0,-313.0,19.0
0.0,-337.0,-312.0,19.0
0.0,-336.0,-311.0,19.0
0.0,-335.0,-310.0,19.0
0.0,-335.0,428.0,17.0
0.0,-338.0,488.0,16.0
0.0,-336.0,489.0,16.0
0.0,-335.0,488.0,16.0
0.0,229.0,489.0,15.0
0.0,484.0,488.0,14.0
0.0,484.0,489.0,14.0
0.0,484.0,489.0,15.0
0.0,484.0,79.0,15.0
0.0,484.0,-2.0,16.0
0.0,484.0,-300.0,16.0
0.0,484.0,-323.0,16.0
0.0,149.0,-319.0,18.0
0.0,-341.0,-316.0,19.0
0.0,-340.0,-315.0,19.0
0.0,-339.0,-314.0,19.0
0.0,-338.0,-313.0,19.0
0.0,-336.0,-311.0,19.0
0.0,-336.0,-311.0,19.0
0.0,-334.0,-310.0,19.0
0.0,-335.0,462.0,17.0
0.0,-338.0,488.0,16.0
0.0,-336.0,488.0,16.0
0.0,-335.0,488.0,16.0
0.0,244.0,488.0,15.0
0.0,484.0,489.0,14.0
0.0,484.0,489.0,13.0
0.0,484.0,475.0,15.0
0.0,484.0,81.0,15.0
0.0,484.0,-10.0,17.0
0.0,483.0,-314.0,16.0
0.0,483.0,-323.0,16.0
0.0,133.0,-319.0,18.0
0.0,-342.0,-316.0,19.0
0.0,-340.0,-315.0,19.0
0.0,-339.0,-314.0,19.0
0.0,-338.0,-313.0,19.0
0.0,-337.0,-312.0,19.0
0.0,-336.0,-311.0,19.0
0.0,-335.0,-310.0,19.0
0.0,-335.0,488.0,17.0
0.0,-338.0,488.0,16.0
0.0,-336.0,488.0,16.0
0.0,-335.0,488.0,16.0
0.0,261.0,489.0,15.0
0.0,484.0,489.0,14.0
0.0,484.0,489.0,14.0
0.0,484.0,445.0,15.0
0.0,484.0,77.0,15.0
0.0,484.0,-14.0,16.0
0.0,484.0,-319.0,16.0
0.0,484.0,-324.0,16.0
0.0,120.0,-320.0,18.0
0.0,-342.0,-317.0,19.0
0.0,-340.0,-315.0,19.0
0.0,-339.0,-314.0,19.0
0.0,-338.0,-313.0,19.0
0.0,-337.0,-312.0,19.0
0.0,-335.0,-311.0,19.0
0.0,-334.0,-310.0,19.0
0.0,-335.0,487.0,17.0
0.0,-337.0,488.0,16.0
0.0,-335.0,488.0,16.0
0.0,-335.0,488.0,16.0
0.0,274.0,488.0,15.0
0.0,484.0,489.0,13.0
0.0,484.0,489.0,14.0
0.0,484.0,418.0,15.0
0.0,483.0,83.0,15.0
0.0,484.0,-23.0,16.0
0.0,483.0,-322.0,16.0
0.0,483.0,-324.0,16.0
0.0,97.0,-320.0,19.0
0.0,-341.0,-316.0,19.0
0.0,-340.0,-315.0,19.0
0.0,-339.0,-314.0,19.0
0.0,-338.0,-313.0,19.0
0.0,-337.0,-313.0,19.0
0.0,-335.0,-311.0,19.0
0.0,-334.0,-310.0,19.0
0.0,-335.0,488.0,17.0
0.0,-337.0,488.0,16.0
0.0,-336.0,488.0,16.0
0.0,-335.0,488.0,18.0
0.0,294.0,488.0,15.0
0.0,484.0,489.0,13.0
0.0,484.0,489.0,14.0
0.0,484.0,377.0,15.0
0.0,484.0,80.0,15.0
0.0,484.0,-27.0,16.0
0.0,484.0,-324.0,16.0
0.0,484.0,-324.0,16.0
0.0,91.0,-320.0,19.0
0.0,-342.0,-317.0,19.0
0.0,-340.0,-316.0,19.0
0.0,-339.0,-315.0,19.0
0.0,-338.0,-313.0,19.0
0.0,-336.0,-312.0,19.0
0.0,-335.0,-311.0,19.0
0.0,-334.0,-310.0,19.0
0.0,-335.0,488.0,16.0
0.0,-337.0,488.0,16.0
0.0,-336.0,488.0,16.0
0.0,-335.0,488.0,18.0
0.0,303.0,489.0,15.0
0.0,484.0,489.0,13.0
0.0,484.0,489.0,13.0
0.0,484.0,352.0,15.0
0.0,484.0,76.0,15.0
0.0,484.0,-36.0,16.0
0.0,483.0,-325.0,16.0
0.0,484.0,-324.0,16.0
0.0,72.0,-320.0,19.0
0.0,-341.0,-317.0,19.0
0.0,-340.0,-316.0,19.0
0.0,-339.0,-315.0,19.0
0.0,-338.0,-314.0,19.0
0.0,-336.0,-313.0,19.0
0.0,-335.0,-312.0,19.0
0.0,-334.0,-310.0,18.0
0.0,-335.0,488.0,16.0
0.0,-337.0,488.0,16.0
0.0,-336.0,488.0,16.0
0.0,-335.0,488.0,19.0
0.0,324.0,488.0,15.0
0.0,484.0,489.0,13.0
0.0,484.0,489.0,13.0
0.0,484.0,306.0,15.0
0.0,484.0,75.0,15.0
0.0,484.0,-43.0,16.0
0.0,484.0,-325.0,16.0
0.0,484.0,-324.0,16.0
0.0,57.0,-320.0,19.0
0.0,-341.0,-317.0,19.0
0.0,-340.0,-316.0,19.0
0.0,-339.0,-315.0,19.0
0.0,-338.0,-314.0,19.0
0.0,-336.0,-313.0,19.0
0.0,-335.0,-312.0,19.0
0.0,-334.0,-310.0,19.0
0.0,-336.0,488.0,16.0
0.0,-337.0,488.0,16.0
0.0,-336.0,488.0,16.0
0.0,-335.0,489.0,20.0
0.0,334.0,488.0,15.0
0.0,484.0,489.0,14.0
0.0,484.0,488.0,14.0
0.0,484.0,286.0,15.0
0.0,484.0,75.0,15.0
0.0,484.0,-48.0,16.0
0.0,483.0,-326.0,16.0
0.0,483.0,-325.0,16.0
0.0,46.0,-319.0,19.0
0.0,-341.0,-317.0,19.0
0.0,-340.0,-316.0,19.0
0.0,-339.0,-315.0,19.0
0.0,-338.0,-313.0,19.0
0.0,-336.0,-313.0,19.0
0.0,-335.0,-312.0,19.0
0.0,-334.0,-310.0,19.0
0.0,-336.0,488.0,17.0
0.0,-337.0,488.0,16.0
0.0,-336.0,488.0,16.0
0.0,-335.0,489.0,19.0
0.0,348.0,489.0,15.0
0.0,484.0,489.0,13.0
0.0,484.0,489.0,13.0
0.0,484.0,235.0,15.0
0.0,484.0,75.0,15.0
0.0,484.0,-57.0,16.0
0.0,484.0,-326.0,16.0
0.0,484.0,-325.0,16.0
0.0,29.0,-319.0,19.0
0.0,-341.0,-318.0,19.0
0.0,-340.0,-316.0,19.0
0.0,-339.0,-315.0,19.0
0.0,-337.0,-314.0,19.0
0.0,-337.0,-313.0,19.0
0.0,-335.0,-312.0,19.0
0.0,-334.0,-310.0,19.0
0.0,-336.0,488.0,16.0
0.0,-337.0,488.0,16.0
0.0,-336.0,488.0,16.0
0.0,-335.0,489.0,18.0
0.0,358.0,489.0,15.0
0.0,484.0,489.0,14.0
0.0,484.0,489.0,14.0
0.0,484.0,213.0,15.0
0.0,484.0,75.0,15.0
0.0,484.0,-62.0,16.0
0.0,484.0,-326.0,16.0
0.0,484.0,-325.0,16.0
0.0,15.0,-319.0,19.0
0.0,-341.0,-317.0,19.0
0.0,-340.0,-316.0,19.0
0.0,-339.0,-315.0,19.0
0.0,-337.0,-314.0,19.0
0.0,-336.0,-313.0,19.0
0.0,-335.0,-312.0,19.0
0.0,-334.0,-310.0,19.0
0.0,-337.0,488.0,16.0
0.0,-338.0,488.0,16.0
0.0,-336.0,488.0,16.0
0.0,-334.0,489.0,18.0
0.0,378.0,489.0,15.0
0.0,484.0,489.0,14.0
0.0,484.0,489.0,14.0
0.0,484.0,156.0,15.0
0.0,484.0,72.0,15.0
0.0,484.0,-69.0,16.0
0.0,483.0,-326.0,16.0
0.0,484.0,-325.0,18.0
0.0,-3.0,-319.0,19.0
0.0,-341.0,-318.0,19.0
0.0,-340.0,-317.0,19.0
0.0,-339.0,-315.0,19.0
0.0,-338.0,-314.0,19.0
0.0,-336.0,-314.0,19.0
0.0,-335.0,-312.0,19.0
0.0,-334.0,-306.0,19.0
0.0,-337.0,488.0,16.0
0.0,-337.0,488.0,16.0
0.0,-336.0,488.0,16.0
0.0,-333.0,488.0,18.0
0.0,389.0,489.0,14.0
0.0,484.0,489.0,14.0
0.0,484.0,489.0,14.0
0.0,484.0,136.0,15.0
0.0,484.0,70.0,15.0
0.0,484.0,-75.0,16.0
0.0,484.0,-327.0,16.0
0.0,484.0,-325.0,18.0
0.0,-12.0,-320.0,19.0
0.0,-341.0,-318.0,19.0
0.0,-340.0,-317.0,19.0
0.0,-339.0,-316.0,19.0
0.0,-338.0,-315.0,19.0
0.0,-337.0,-314.0,19.0
0.0,-335.0,-312.0,19.0
0.0,-334.0,-268.0,19.0
0.0,-337.0,488.0,16.0
0.0,-337.0,488.0,16.0
0.0,-336.0,488.0,16.0
0.0,-315.0,488.0,17.0
0.0,406.0,488.0,14.0
0.0,484.0,489.0,13.0
0.0,484.0,488.0,14.0
0.0,484.0,94.0,15.0
0.0,483.0,69.0,15.0
0.0,484.0,-85.0,16.0
0.0,484.0,-326.0,16.0
0.0,483.0,-325.0,18.0
0.0,-31.0,-319.0,19.0
0.0,-341.0,-318.0,19.0
0.0,-340.0,-317.0,18.0
0.0,-339.0,-316.0,19.0
0.0,-338.0,-315.0,19.0
0.0,-336.0,-314.0,19.0
0.0,-335.0,-313.0,19.0
0.0,-334.0,-241.0,19.0
0.0,-337.0,488.0,16.0
0.0,-337.0,488.0,16.0
0.0,-336.0,488.0,16.0
0.0,-295.0,488.0,17.0
0.0,413.0,489.0,14.0
0.0,484.0,489.0,14.0
0.0,484.0,489.0,14.0
0.0,484.0,88.0,15.0
0.0,484.0,70.0,15.0
0.0,484.0,-88.0,16.0
0.0,484.0,-327.0,16.0
0.0,484.0,-326.0,18.0
0.0,-42.0,-319.0,19.0
0.0,-341.0,-318.0,19.0
0.0,-340.0,-317.0,19.0
0.0,-339.0,-316.0,19.0
0.0,-337.0,-315.0,19.0
0.0,-336.0,-314.0,19.0
0.0,-335.0,-313.0,19.0
0.0,-334.0,-214.0,19.0
0.0,-338.0,488.0,16.0
0.0,-337.0,488.0,16.0
0.0,-336.0,488.0,16.0
0.0,-244.0,488.0,17.0
0.0,432.0,488.0,14.0
0.0,484.0,489.0,14.0
0.0,484.0,489.0,14.0
0.0,484.0,73.0,15.0
0.0,484.0,71.0,15.0
0.0,484.0,-98.0,16.0
0.0,484.0,-327.0,16.0
0.0,484.0,-325.0,18.0
0.0,-62.0,-319.0,19.0
0.0,-341.0,-318.0,19.0
0.0,-340.0,-317.0,19.0
0.0,-339.0,-316.0,19.0
0.0,-337.0,-315.0,19.0
0.0,-336.0,-314.0,19.0
0.0,-335.0,-313.0,19.0
0.0,-334.0,-177.0,19.0
0.0,-338.0,488.0,16.0
0.0,-337.0,488.0,16.0
0.0,-336.0,488.0,16.0
0.0,-206.0,488.0,17.0
0.0,443.0,488.0,14.0
0.0,484.0,488.0,14.0
0.0,484.0,488.0,14.0
0.0,484.0,69.0,15.0
0.0,484.0,67.0,15.0
0.0,484.0,-103.0,16.0
0.0,484.0,-327.0,16.0
0.0,484.0,-324.0,18.0
0.0,-70.0,-319.0,19.0
0.0,-341.0,-318.0,19.0
0.0,-340.0,-317.0,19.0
0.0,-339.0,-316.0,19.0
