製品名,ワイヤレス筋電センサ（乾式）,
計測時ID,1,
計測開始時刻,10/04 12:50:56,
サンプリング周波数,200,
シーケンス数,5644,
PGAゲイン,x8,
補正値キー,FFFFFFFFFFFFFFFFFFFFFFFFFFFFFFFF,
コメント,,
ファイル保存形式,演算データ,
シーケンス番号,EMG01[ｍV],
1,0,
2,0.00051698,
3,-0.01281381,
4,-0.06070864,
5,0.04276193,
6,0.01281381,
7,0.03245918,
8,0.02765862,
9,-0.01251839,
10,-0.04335276,
11,-0.02352275,
12,0.01115207,
13,-0.04678701,
14,0.00192022,
15,-0.02522141,
16,-0.03596728,
17,0.10454146,
18,-0.00878872,
19,-0.01646962,
20,0.00594531,
21,0.01761437,
22,0.00657308,
23,-0.00048006,
24,0.03172063,
25,-0.00642537,
26,-0.05838221,
27,0.03330851,
28,0.00291726,
29,0.04682394,
30,-0.02946806,
31,0.03098209,
32,0.00162481,
33,-0.01285073,
34,0.01137364,
35,0.01835292,
36,0.01410627,
37,-0.01240761,
38,-0.04420209,
39,0.01613727,
40,-0.0812772,
41,0.05494797,
42,0.03297617,
43,0.01946074,
44,-0.00284341,
45,-0.01067202,
46,0.02721549,
47,0.05033204,
48,-0.0180575,
49,0.03401013,
50,0.01573107,
51,-0.00790246,
52,-0.00823481,
53,0.03641041,
54,-0.03844142,
55,-0.00273263,
56,0.03160985,
57,0.01115207,
58,-0.16502853,
59,0.12200812,
60,0.004579,
61,0.01358928,
62,-0.00033235,
63,-0.07795373,
64,0.0377398,
65,0.03090823,
66,-0.02392895,
67,0.00398816,
68,0.01030274,
69,0.01214911,
70,-0.03681661,
71,-0.01979308,
72,0.06307199,
73,-0.01934996,
74,-0.03751823,
75,0.0258861,
76,-0.01259224,
77,-0.04386975,
78,0.04549455,
79,0.00265877,
80,0.00217872,
81,-0.01676504,
82,-0.01610034,
83,0.04361126,
84,-0.00502213,
85,-0.01377392,
86,-0.06975585,
87,0.02799097,
88,-0.02618152,
89,-0.0093057,
90,0.00003693,
91,0.00025849,
92,-0.06358898,
93,0.05166143,
94,0.01702353,
95,-0.02330119,
96,0.03873684,
97,-0.09770989,
98,0.09519883,
99,-0.03208991,
100,0.03670583,
101,-0.01207526,
102,0.00247414,
103,-0.01898068,
104,-0.01392163,
105,0.05417249,
106,0.01768822,
107,-0.02832331,
108,-0.09985168,
109,0.02392895,
110,-0.04859645,
111,0.12448225,
112,-0.08116642,
113,-0.01133671,
114,-0.04106326,
115,0.01584185,
116,0.0026957,
117,0.00661,
118,-0.03020661,
119,0.01019196,
120,0.02595996,
121,0.04290963,
122,0.00125553,
123,-0.01377392,
124,0.0161742,
125,-0.06872188,
126,0.0288403,
127,0.01303537,
128,-0.00612995,
129,-0.02680929,
130,-0.00118168,
131,-0.01853755,
132,-0.00982269,
133,0.05291696,
134,0.02374432,
135,0.03426862,
136,0.00099704,
137,-0.12138035,
138,0.03098209,
139,-0.0785815,
140,0.12189734,
141,-0.02267342,
142,-0.00952727,
143,-0.03072359,
144,0.01355235,
145,0.01166906,
146,0.02581225,
147,0.0620011,
148,0.00051698,
149,-0.02019929,
150,-0.01669118,
151,-0.11266549,
152,0.08002167,
153,0.0611887,
154,-0.0800586,
155,-0.01591571,
156,0.03256996,
157,-0.00616688,
158,0.01303537,
159,-0.0012186,
160,-0.04324198,
161,0.05395093,
162,0.01510331,
163,-0.00827174,
164,0.05070132,
165,-0.00742241,
166,0.01059816,
167,-0.08914274,
168,0.0839729,
169,-0.05047975,
170,0.03327158,
171,-0.00819788,
172,-0.05195685,
173,-0.01543565,
174,0.03068667,
175,-0.00823481,
176,-0.00505905,
177,0.02666158,
178,-0.06680166,
179,0.02481521,
180,-0.02256264,
181,0.01997772,
182,-0.0989285,
183,0.08725944,
184,-0.10225196,
185,0.10923124,
186,0.01709738,
187,-0.02909879,
188,-0.04368511,
189,0.07178686,
190,0.00132939,
191,-0.0200885,
192,-0.00262185,
193,-0.01602649,
194,-0.09811609,
195,0.05413556,
196,0.04014008,
197,0.01499252,
198,0.01949767,
199,-0.03954924,
200,-0.01133671,
201,0.03242225,
202,-0.06355205,
203,0.04279885,
204,-0.04032472,
205,0.02673544,
206,0.02595996,
207,0.02740013,
208,-0.01248146,
209,0.00697928,
210,-0.0665801,
211,0.0296527,
212,0.00206793,
213,-0.00468978,
214,-0.05683126,
215,0.08223731,
216,-0.00742241,
217,0.01325694,
218,0.03312387,
219,-0.01635884,
220,-0.01990387,
221,0.07621815,
222,-0.08670553,
223,-0.02477828,
224,0.04981506,
225,-0.01443861,
226,0.04039857,
227,-0.0516245,
228,0.06650624,
229,-0.01761437,
230,0.02669851,
231,-0.03076052,
232,-0.00144017,
233,0.01942381,
234,0.0161742,
235,-0.08301279,
236,0.04121097,
237,0.03611499,
238,0.00420972,
239,0.00232643,
240,-0.01598956,
241,0.01598956,
242,-0.08500687,
243,0.06285043,
244,-0.00576067,
245,0.00513291,
246,0.00151402,
247,0.0207532,
248,-0.00583453,
249,-0.00395123,
250,-0.07522111,
251,-0.14534623,
252,0.15358104,
253,0.01314615,
254,0.0346379,
255,-0.00144017,
256,-0.02784326,
257,-0.11388409,
258,0.11048677,
259,-0.08482223,
260,0.04807947,
261,0.0350441,
262,0.00140324,
263,0.00483749,
264,-0.06096713,
265,0.04741478,
266,0.01074587,
267,0.00262185,
268,-0.01248146,
269,0.01022889,
270,-0.11325632,
271,-0.00926878,
272,-0.00963805,
273,-0.01192755,
274,0.00011078,
275,0.09482955,
276,0.00786554,
277,0.04715629,
278,0.00502213,
279,0.00291726,
280,-0.04553148,
281,-0.05413556,
282,0.05103366,
283,-0.02274728,
284,0.04128483,
285,0.00343425,
286,-0.01709738,
287,-0.01953459,
288,-0.06329356,
289,0.10184576,
290,0.00845637,
291,-0.02684622,
292,0.02433515,
293,-0.05435713,
294,-0.07078982,
295,0.0261446,
296,0.1017719,
297,0.0176513,
298,-0.03648427,
299,-0.10420911,
300,0.13991791,
301,-0.04372204,
302,0.06491836,
303,-0.02976348,
304,-0.02337504,
305,0.06122562,
306,0.00871487,
307,0.00225257,
308,-0.00967498,
309,-0.00845637,
310,-0.00114475,
311,0.01344157,
312,-0.01063509,
313,-0.01133671,
314,-0.06255501,
315,0.04150639,
316,0.03090823,
317,0.0008124,
318,-0.12987365,
319,-0.01898068,
320,0.05638813,
321,0.06661702,
322,0.10402448,
323,0.00550218,
324,-0.01059816,
325,-0.03973388,
326,0.04627003,
327,0.0076809,
328,-0.00014771,
329,0.00011078,
330,-0.00805017,
331,-0.00262185,
332,-0.00801325,
333,-0.0153618,
334,0.01923917,
335,-0.12256203,
336,0.07474105,
337,0.01285073,
338,-0.01462325,
339,0.02551683,
340,0.00779168,
341,-0.0516245,
342,0.02071627,
343,-0.09848537,
344,0.069682,
345,0.03796136,
346,0.06344127,
347,-0.07067904,
348,0.08090793,
349,0.01491867,
350,-0.02662465,
351,-0.00288034,
352,0.01059816,
353,-0.0835667,
354,0.09206,
355,0.02064241,
356,0.00576067,
357,0.00587146,
358,-0.0022895,
359,-0.01285073,
360,0.0018833,
361,0.00029542,
362,-0.00694235,
363,0.00206793,
364,-0.00339732,
365,0.00022156,
366,-0.01351543,
367,-0.02983734,
368,0.00273263,
369,-0.022378,
370,-0.01646962,
371,0.04194952,
372,0.04423902,
373,0.01473403,
374,0.00321268,
375,0.00450514,
376,-0.00908414,
377,-0.10225196,
378,0.09217078,
379,0.01502945,
380,0.02946806,
381,-0.01011811,
382,-0.00162481,
383,-0.00206793,
384,-0.00247414,
385,-0.00169866,
386,-0.0831605,
387,0.06938658,
388,0.01436476,
389,-0.0932786,
390,-0.13482192,
391,0.14154271,
392,-0.04715629,
393,0.13378796,
394,0.04386975,
395,0.01850063,
396,0.0004062,
397,-0.10590777,
398,0.07813837,
399,0.01314615,
400,0.00206793,
401,0.00432051,
402,-0.00162481,
403,-0.04305734,
404,-0.00280648,
405,0.0142909,
406,-0.00974883,
407,-0.06561998,
408,0.05867763,
409,-0.00528062,
410,0.00985961,
411,-0.08840419,
412,0.06750328,
413,0.06835261,
414,-0.01214911,
415,0.06687551,
416,-0.14349986,
417,0.18386151,
418,0.02610767,
419,-0.00509598,
420,-0.02562761,
421,-0.07429792,
422,-0.01691275,
423,0.05985931,
424,0.04604846,
425,0.02230415,
426,0.0076809,
427,-0.00033235,
428,-0.01340464,
429,-0.00605609,
430,0.00709006,
431,-0.10461531,
432,0.01628498,
433,-0.02119633,
434,0.1001471,
435,0.00232643,
436,-0.0062038,
437,0.05531724,
438,-0.00380352,
439,-0.11554582,
440,0.1067571,
441,0.02784326,
442,0.02463057,
443,0.00882565,
444,0.00180944,
445,-0.00864101,
446,-0.07381787,
447,0.00070162,
448,-0.01672811,
449,-0.03829371,
450,0.04254036,
451,0.00989654,
452,-0.02149174,
453,0.04050935,
454,-0.01011811,
455,-0.00745933,
456,-0.01133671,
457,-0.02019929,
458,-0.00398816,
459,0.01676504,
460,-0.06436445,
461,0.09948241,
462,0.04508835,
463,0.01946074,
464,-0.00731162,
465,-0.0196823,
466,-0.0431312,
467,-0.01816828,
468,0.04719321,
469,-0.00827174,
470,-0.04287271,
471,0.05343394,
472,-0.01934996,
473,-0.00291726,
474,-0.02064241,
475,-0.06225959,
476,0.09446028,
477,-0.13079684,
478,0.14375835,
479,0.03519181,
480,0.02895108,
481,-0.01872219,
482,0.01067202,
483,-0.09169073,
484,0.06931272,
485,0.02998505,
486,0.03426862,
487,-0.05561266,
488,-0.05291696,
489,0.06137333,
490,0.0566097,
491,-0.03353008,
492,-0.00716391,
493,0.07030976,
494,-0.00302805,
495,-0.02754784,
496,0.04748863,
497,-0.02138096,
498,0.00790246,
499,-0.06938658,
500,0.02097476,
501,-0.02090091,
502,0.06030244,
503,-0.03404706,
504,-0.07854457,
505,0.02448286,
506,0.03393628,
507,0.0342317,
508,-0.0285818,
509,-0.01580493,
510,0.03725974,
511,-0.13629902,
512,0.11850002,
513,0.03777673,
514,-0.01340464,
515,-0.01731895,
516,0.0273632,
517,0.00528062,
518,0.00912107,
519,-0.060524,
520,0.01270302,
521,-0.0088995,
522,0.05690512,
523,0.00926878,
524,-0.05180914,
525,-0.14165349,
526,0.03677969,
527,0.09401715,
528,-0.05801294,
529,0.08448988,
530,0.02680929,
531,-0.00011078,
532,0.0039143,
533,-0.00853023,
534,0.01148442,
535,-0.07241462,
536,0.03367779,
537,0.00893643,
538,-0.04346355,
539,0.00771783,
540,0.02348582,
541,0.00132939,
542,-0.04446059,
543,-0.05694205,
544,0.01565722,
545,0.12086337,
546,0.01757744,
547,0.01093051,
548,0.01868526,
549,0.00214179,
550,-0.01454939,
551,0.02138096,
552,-0.01303537,
553,-0.06303507,
554,0.00420972,
555,0.03792444,
556,-0.01912839,
557,-0.06580462,
558,0.09523576,
559,-0.11067141,
560,0.14505081,
561,0.06746635,
562,0.0039143,
563,0.01510331,
564,-0.00594531,
565,0.01177984,
566,0.00265877,
567,-0.00823481,
568,-0.00376659,
569,-0.02108554,
570,0.01395856,
571,-0.00624073,
572,-0.00668386,
573,-0.08759178,
574,-0.01129978,
575,-0.11624744,
576,0.09169073,
577,0.06484451,
578,0.03419477,
579,0.00801325,
580,-0.04516221,
581,-0.01731895,
582,-0.09331553,
583,0.05967467,
584,0.0285818,
585,0.02152867,
586,0.00513291,
587,0.00679464,
588,-0.00528062,
589,-0.0682049,
590,0.0211594,
591,-0.00033235,
592,0.02182409,
593,0.02725242,
594,0.00971191,
595,-0.0246675,
596,-0.12503616,
597,0.12824885,
598,0.02994812,
599,0.02267342,
600,-0.05143986,
601,-0.020347,
602,-0.00029542,
603,0.02448286,
604,0.01757744,
605,0.02795404,
606,-0.00531755,
607,-0.00214179,
608,0.00395123,
609,-0.00491134,
610,-0.02403974,
611,0.05228919,
612,-0.07023591,
613,-0.02762169,
614,-0.07082675,
615,0.10982208,
616,0.05347087,
617,0.03279153,
618,-0.09948241,
619,0.08910581,
620,0.06421674,
621,0.01399548,
622,0.01166906,
623,-0.00158788,
624,-0.01008118,
625,-0.04309427,
626,0.02296884,
627,-0.08980743,
628,-0.04571612,
629,0.0889581,
630,0.02869259,
631,0.01096744,
632,0.00672079,
633,-0.03456404,
634,0.04254036,
635,0.00576067,
636,-0.0026957,
637,-0.01672811,
638,0.00096011,
639,0.0088995,
640,-0.02644002,
641,-0.02666158,
642,-0.02514756,
643,0.00114475,
644,0.01971923,
645,-0.02263649,
646,0.02293191,
647,-0.0520307,
648,0.03677969,
649,0.03109287,
650,0.01580493,
651,0.00059084,
652,-0.07518418,
653,0.06237037,
654,-0.01868526,
655,-0.02485214,
656,0.0288403,
657,0.00838252,
658,0.0669863,
659,0.00262185,
660,-0.00853023,
661,0.01931303,
662,0.00638844,
663,-0.02429823,
664,-0.13655751,
665,0.10564928,
666,0.04693472,
667,0.03160985,
668,-0.08231117,
669,0.01591571,
670,0.05084902,
671,0.0146971,
672,-0.08663167,
673,0.00723777,
674,-0.03179449,
675,-0.03364086,
676,0.0951619,
677,0.0412479,
678,0.01676504,
679,-0.14818964,
680,0.03703818,
681,0.06558306,
682,0.0485226,
683,-0.0215656,
684,-0.07134373,
685,0.09217078,
686,-0.0142909,
687,0.07983703,
688,0.00949034,
689,0.00162481,
690,-0.04224494,
691,0.02027314,
692,-0.01418012,
693,-0.07891385,
694,0.03884762,
695,0.03906919,
696,-0.00952727,
697,-0.01011811,
698,-0.00801325,
699,-0.06543535,
700,0.08319742,
701,0.01613727,
702,0.01041353,
703,0.00051698,
704,0.00472671,
705,0.00339732,
706,-0.00324961,
707,-0.00262185,
708,-0.02795404,
709,0.03135136,
710,-0.02514756,
711,-0.0851915,
712,-0.0138847,
713,0.02799097,
714,0.09460799,
715,-0.03648427,
716,-0.01850063,
717,0.06325663,
718,0.02644002,
719,0.01983001,
720,-0.0562035,
721,0.07511032,
722,0.00926878,
723,0.00786554,
724,0.01333079,
725,-0.02743706,
726,-0.01960845,
727,0.02053163,
728,-0.02208258,
729,0.00048006,
730,-0.04438673,
731,-0.06750328,
732,0.09578967,
733,0.03833064,
734,-0.00901028,
735,0.06237037,
736,0.01296152,
737,0.01502945,
738,-0.00380352,
739,-0.04693472,
740,0.03892148,
741,-0.00132939,
742,0.0018833,
743,0.00151402,
744,-0.07282083,
745,0.00967498,
746,0.01288766,
747,-0.02887722,
748,0.0211594,
749,-0.0088995,
750,0.01336772,
751,0.0362627,
752,0.01783593,
753,0.0062038,
754,-0.05524339,
755,-0.02422437,
756,0.06381054,
757,0.00372967,
758,0.00324961,
759,0.00624073,
760,-0.02079012,
761,-0.10720023,
762,0.12141728,
763,-0.08618854,
764,0.01281381,
765,0.05690512,
766,0.03260689,
767,0.01177984,
768,-0.08072329,
769,-0.00361888,
770,0.04759941,
771,0.01285073,
772,0.00834559,
773,0.01355235,
774,-0.06687551,
775,-0.07673513,
776,0.09833766,
777,0.01894375,
778,0.00989654,
779,0.00225257,
780,-0.00949034,
781,-0.01894375,
782,0.00025849,
783,0.01971923,
784,-0.04442366,
785,-0.00797632,
786,-0.09741447,
787,-0.09649129,
788,0.10132878,
789,0.04290963,
790,0.04342662,
791,-0.07636586,
792,0.10915738,
793,0.03338237,
794,0.02193487,
795,-0.07333781,
796,0.02042085,
797,0.04723014,
798,0.01768822,
799,-0.0107828,
800,-0.01233375,
801,-0.07784295,
802,0.04324198,
803,0.00398816,
804,-0.04497757,
805,0.04298349,
806,-0.0308713,
807,0.07001434,
808,0.02784326,
809,0.00786554,
810,-0.00251106,
811,-0.06458602,
812,0.05993316,
813,-0.10620319,
814,0.16717032,
815,0.02042085,
816,-0.0142909,
817,0.01761437,
818,-0.10184576,
819,0.06798334,
820,-0.01488174,
821,0.02740013,
822,0.01111515,
823,-0.04372204,
824,0.00483749,
825,-0.04494064,
826,-0.03367779,
827,0.05882534,
828,0.05376629,
829,-0.00919492,
830,-0.0261446,
831,-0.03050203,
832,0.03977081,
833,-0.04516221,
834,-0.01048738,
835,0.02090091,
836,0.10867733,
837,0.0308713,
838,0.00834559,
839,0.01502945,
840,-0.04453444,
841,-0.04364818,
842,-0.02130711,
843,0.07300546,
844,-0.03633656,
845,-0.03519181,
846,0.06358898,
847,-0.00173559,
848,-0.01654347,
849,0.01613727,
850,0.02108554,
851,-0.02784326,
852,-0.05694205,
853,0.07566424,
854,-0.06491836,
855,0.00982269,
856,0.03142521,
857,0.01912839,
858,-0.02322733,
859,-0.02762169,
860,-0.00679464,
861,0.0080871,
862,-0.04638081,
863,0.05646199,
864,0.0053914,
865,0.08578234,
866,0.02204566,
867,-0.05952696,
868,0.05801294,
869,0.00465285,
870,0.01395856,
871,-0.0408417,
872,-0.03386242,
873,0.04331584,
874,0.00624073,
875,-0.03954924,
876,-0.02832331,
877,0.01672811,
878,0.05487411,
879,-0.0423188,
880,-0.03611499,
881,0.08467452,
882,0.01816828,
883,0.01174291,
884,0.00339732,
885,-0.04091556,
886,-0.00051698,
887,-0.22810053,
888,0.21111393,
889,0.03917997,
890,-0.02673544,
891,0.03899533,
892,0.02451979,
893,-0.07684591,
894,0.05191992,
895,0.01115207,
896,0.01370006,
897,-0.02019929,
898,0.01085665,
899,0.00306497,
900,0.00542833,
901,-0.04667623,
902,0.0300589,
903,-0.06912809,
904,0.03205298,
905,0.00365581,
906,0.06473373,
907,0.01691275,
908,-0.0470455,
909,-0.03589343,
910,-0.06030244,
911,-0.03641041,
912,0.09719291,
913,-0.01063509,
914,-0.06513993,
915,0.04409131,
916,0.04324198,
917,0.00912107,
918,-0.03260689,
919,0.0053914,
920,-0.01155828,
921,0.03146214,
922,0.01750359,
923,-0.10694174,
924,0.00162481,
925,0.02692007,
926,0.11975555,
927,-0.05967467,
928,0.06381054,
929,0.02943113,
930,0.01137364,
931,-0.08426832,
932,0.01270302,
933,0.06155797,
934,0.01506638,
935,0.01004425,
936,-0.05295389,
937,0.00949034,
938,0.0420603,
939,0.00561296,
940,-0.01122593,
941,-0.00062777,
942,-0.00816095,
943,-0.0342317,
944,0.04527299,
945,-0.00136631,
946,-0.02300577,
947,-0.0041728,
948,0.02433515,
949,-0.02629231,
950,0.06816797,
951,0.02097476,
952,0.01894375,
953,0.00745933,
954,-0.05635121,
955,-0.02367046,
956,0.04748863,
957,0.0068685,
958,0.00336039,
959,-0.00901028,
960,-0.10871426,
961,0.05985931,
962,0.01931303,
963,0.03179449,
964,-0.00402509,
965,-0.08024323,
966,-0.01325694,
967,0.05856685,
968,0.01207526,
969,0.02403974,
970,0.00653615,
971,-0.179541,
972,0.10550157,
973,0.03290231,
974,0.01133671,
975,-0.08962279,
976,0.03227454,
977,0.03714896,
978,0.0041728,
979,-0.00380352,
980,-0.00694235,
981,0.00505905,
982,0.00476363,
983,-0.00450514,
984,-0.00926878,
985,-0.00254799,
986,-0.01122593,
987,-0.01525101,
988,-0.06580462,
989,0.00745933,
990,-0.0435374,
991,0.00745933,
992,0.02525834,
993,0.01008118,
994,-0.03327158,
995,-0.07038362,
996,0.12695639,
997,0.0358565,
998,0.02019929,
999,0.00306497,
1000,0.00550218,
1001,0.00033235,
1002,-0.00472671,
1003,0.00993347,
1004,0.00088626,
1005,-0.04420209,
1006,-0.01894375,
1007,-0.01096744,
1008,-0.03991852,
1009,0.01148442,
1010,0.04438673,
1011,-0.04361126,
1012,0.02167638,
1013,0.022378,
1014,0.01355235,
1015,-0.01008118,
1016,0.00601917,
1017,0.01251839,
1018,0.00232643,
1019,0.00254799,
1020,0.00561296,
1021,-0.10734794,
1022,0.04922422,
1023,-0.03057588,
1024,0.07333781,
1025,0.02211951,
1026,0.03131443,
1027,0.01820521,
1028,0.00003693,
1029,-0.09800531,
1030,-0.00631458,
1031,0.06081942,
1032,-0.06421674,
1033,0.06189032,
1034,0.00199408,
1035,-0.01322001,
1036,0.0107828,
1037,0.02311655,
1038,0.00022156,
1039,0.00007385,
1040,-0.07119602,
1041,0.02300577,
1042,0.04438673,
1043,0.02684622,
1044,-0.00989654,
1045,0.01322001,
1046,-0.06436445,
1047,-0.05528031,
1048,0.05273232,
1049,-0.02182409,
1050,0.02248878,
1051,0.04774712,
1052,0.01872219,
1053,-0.0477102,
1054,0.02134404,
1055,-0.08792413,
1056,0.09061983,
1057,0.02551683,
1058,0.00856716,
1059,0.01085665,
1060,-0.00709006,
1061,-0.04896573,
1062,-0.00612995,
1063,-0.06115177,
1064,0.08002167,
1065,0.01787286,
1066,-0.07119602,
1067,0.03522874,
1068,0.02389203,
1069,0.00657308,
1070,-0.00476363,
1071,-0.05838221,
1072,0.01211219,
1073,0.06251808,
1074,-0.00616688,
1075,-0.00107089,
1076,0.01203833,
1077,-0.00853023,
1078,-0.17610675,
1079,0.13526505,
1080,0.05764367,
1081,0.01979308,
1082,0.02134404,
1083,-0.00819788,
1084,0.00638844,
1085,0.0161742,
1086,-0.00771783,
1087,-0.01820521,
1088,0.01148442,
1089,-0.01909146,
1090,-0.02906186,
1091,0.03740745,
1092,0.00472671,
1093,-0.01857448,
1094,-0.00177252,
1095,0.04132176,
1096,-0.04516221,
1097,0.03548723,
1098,-0.01824213,
1099,-0.04778405,
1100,0.05358165,
1101,0.05099673,
1102,0.00158788,
1103,0.00465285,
1104,-0.00694235,
1105,0.00638844,
1106,-0.02976348,
1107,0.0068685,
1108,0.00136631,
1109,0.01019196,
1110,0.00288034,
1111,-0.00901028,
1112,-0.06473373,
1113,0.0281756,
1114,0.04069399,
1115,0.01787286,
1116,-0.07728904,
1117,0.02832331,
1118,-0.00612995,
1119,0.0138847,
1120,0.01539872,
1121,0.01694967,
1122,-0.04183874,
1123,-0.01100436,
1124,0.01639576,
1125,0.01946074,
1126,0.01528794,
1127,0.00254799,
1128,0.00321268,
1129,0.00661,
1130,-0.00967498,
1131,-0.04217109,
1132,0.08644704,
1133,0.00672079,
1134,0.01192755,
1135,0.00653615,
1136,0.00653615,
1137,-0.03744438,
1138,0.03375164,
1139,0.01100436,
1140,0.00882565,
1141,0.00398816,
1142,0.03319773,
1143,-0.00605609,
1144,-0.0057976,
1145,-0.00472671,
1146,-0.00568682,
1147,0.00598224,
1148,-0.00853023,
1149,-0.03770287,
1150,0.01798364,
1151,0.02485214,
1152,0.0277694,
1153,0.00653615,
1154,-0.02810175,
1155,0.02629231,
1156,0.0192761,
1157,-0.01277688,
1158,-0.00524369,
1159,0.0231904,
1160,0.00195715,
1161,0.02256264,
1162,0.01270302,
1163,-0.00594531,
1164,-0.01377392,
1165,0.01776208,
1166,-0.00568682,
1167,0.01244453,
1168,0.00096011,
1169,0.004579,
1170,-0.01251839,
1171,0.01026582,
1172,-0.00011078,
1173,0.00934263,
1174,-0.04113712,
1175,0.00491134,
1176,-0.01240761,
1177,0.02396588,
1178,-0.01214911,
1179,0.01861141,
1180,0.00033235,
1181,-0.02703085,
1182,0.02499985,
1183,0.02182409,
1184,-0.00601917,
1185,0.01454939,
1186,0.00354503,
1187,0.00210486,
1188,0.00059084,
1189,0.00446821,
1190,-0.01669118,
1191,0.00576067,
1192,-0.00612995,
1193,0.03290231,
1194,0.00856716,
1195,-0.00568682,
1196,-0.0103766,
1197,0.0207532,
1198,-0.03906919,
1199,0.02315348,
1200,0.00158788,
1201,-0.00709006,
1202,-0.00232643,
1203,0.00321268,
1204,0.00199408,
1205,-0.00612995,
1206,-0.00059084,
1207,0.0022895,
1208,-0.00624073,
1209,-0.0103766,
1210,-0.0068685,
1211,-0.02082705,
1212,0.01148442,
1213,0.01248146,
1214,0.00631458,
1215,0.00779168,
1216,0.00254799,
1217,0.00007385,
1218,0.00206793,
1219,0.00177252,
1220,0.01270302,
1221,0.00206793,
1222,0.00564989,
1223,-0.00897336,
1224,0.0008124,
1225,0.00531755,
1226,-0.00491134,
1227,-0.00745933,
1228,-0.00524369,
1229,-0.00195715,
1230,0.01746666,
1231,0.00612995,
1232,0.00361888,
1233,0.00011078,
1234,0.00472671,
1235,-0.00971191,
1236,-0.02167638,
1237,-0.01768822,
1238,0.01632191,
1239,0.02980041,
1240,-0.01148442,
1241,-0.00971191,
1242,-0.01820521,
1243,0.01093051,
1244,0.00339732,
1245,0.00694235,
1246,0.02481521,
1247,0.0088995,
1248,-0.00564989,
1249,-0.01285073,
1250,0.01004425,
1251,0.00797632,
1252,0.00454207,
1253,-0.00214179,
1254,-0.00306497,
1255,-0.00265877,
1256,-0.00059084,
1257,-0.00118168,
1258,-0.00649922,
1259,-0.00192022,
1260,-0.00945341,
1261,-0.02684622,
1262,-0.01000732,
1263,0.02082705,
1264,0.01425398,
1265,0.00280648,
1266,0.00642537,
1267,-0.00062777,
1268,-0.01133671,
1269,-0.01610034,
1270,-0.0062038,
1271,0.00180944,
1272,-0.00771783,
1273,-0.04224494,
1274,-0.04065706,
1275,0.03537645,
1276,0.04180181,
1277,0.01909146,
1278,0.00631458,
1279,0.00158788,
1280,-0.00472671,
1281,-0.0093057,
1282,-0.00487442,
1283,-0.00587146,
1284,-0.00745933,
1285,-0.00151402,
1286,0.00003693,
1287,0.00151402,
1288,0.00132939,
1289,-0.00901028,
1290,-0.00132939,
1291,0.00402509,
1292,-0.00103397,
1293,-0.00321268,
1294,-0.00125553,
1295,-0.01207526,
1296,-0.01041353,
1297,-0.01875912,
1298,-0.0057976,
1299,-0.01768822,
1300,-0.01240761,
1301,0.01986694,
1302,0.01381085,
1303,0.00254799,
1304,-0.00760704,
1305,-0.00302805,
1306,0.00384045,
1307,0.01133671,
1308,-0.00007385,
1309,-0.00177252,
1310,0.00513291,
1311,0.00096011,
1312,-0.00358196,
1313,0.00103397,
1314,-0.00631458,
1315,-0.01122593,
1316,-0.00413587,
1317,0.00302805,
1318,-0.00668386,
1319,-0.01392163,
1320,-0.01639576,
1321,-0.00173559,
1322,0.01813135,
1323,0.01170598,
1324,0.00882565,
1325,-0.00723777,
1326,0.00114475,
1327,-0.00679464,
1328,-0.00694235,
1329,-0.01048738,
1330,0.00118168,
1331,0.00062777,
1332,-0.00025849,
1333,-0.00398816,
1334,-0.01122593,
1335,0.01192755,
1336,0.00354503,
1337,-0.00114475,
1338,0.00288034,
1339,-0.00864101,
1340,0.00125553,
1341,0.00217872,
1342,-0.00402509,
1343,0.00243721,
1344,-0.00361888,
1345,-0.00066469,
1346,-0.00531755,
1347,-0.0041728,
1348,-0.00949034,
1349,0.00697928,
1350,-0.00044313,
1351,-0.00088626,
1352,0.00066469,
1353,-0.00214179,
1354,0.00262185,
1355,-0.00446821,
1356,-0.01019196,
1357,-0.01081973,
1358,0.01137364,
1359,0.01133671,
1360,-0.01602649,
1361,-0.00745933,
1362,-0.01111515,
1363,-0.00446821,
1364,0.00372967,
1365,0.00897336,
1366,-0.01170598,
1367,-0.03024354,
1368,0.01517716,
1369,0.02130711,
1370,-0.00734855,
1371,-0.004579,
1372,-0.01281381,
1373,-0.0555388,
1374,-0.06687551,
1375,0.05524339,
1376,-0.00273263,
1377,-0.13378796,
1378,-0.07178686,
1379,0.16798273,
1380,0.09626972,
1381,0.02241493,
1382,0.01687582,
1383,-0.01964537,
1384,0.01942381,
1385,-0.03478561,
1386,-0.08312357,
1387,0.1136256,
1388,0.0296527,
1389,0.03334544,
1390,0.00764397,
1391,-0.02171331,
1392,-0.10683096,
1393,-0.00694235,
1394,0.05609272,
1395,0.00177252,
1396,-0.00967498,
1397,0.06174261,
1398,0.01340464,
1399,0.0088995,
1400,-0.00343425,
1401,-0.00365581,
1402,0.00169866,
1403,-0.01517716,
1404,-0.03533952,
1405,0.01074587,
1406,-0.01539872,
1407,0.02138096,
1408,-0.03478561,
1409,-0.06384747,
1410,0.03282846,
1411,-0.00841945,
1412,0.0258861,
1413,-0.0611887,
1414,0.05882534,
1415,0.03260689,
1416,-0.04641774,
1417,0.00491134,
1418,0.02182409,
1419,-0.00151402,
1420,-0.03792444,
1421,-0.02887722,
1422,0.03607807,
1423,-0.00653615,
1424,0.01573107,
1425,-0.01081973,
1426,-0.00180944,
1427,0.01358928,
1428,-0.02688314,
1429,-0.00144017,
1430,-0.00731162,
1431,0.01971923,
1432,-0.06709708,
1433,0.01728202,
1434,0.0277694,
1435,0.01336772,
1436,0.02728935,
1437,0.01694967,
1438,-0.01776208,
1439,-0.00753319,
1440,0.00014771,
1441,0.00302805,
1442,-0.08371441,
1443,0.011189,
1444,0.04612232,
1445,-0.00882565,
1446,0.01639576,
1447,0.02795404,
1448,0.00971191,
1449,0.04287271,
1450,-0.02175024,
1451,-0.02581225,
1452,-0.02355968,
1453,0.02499985,
1454,0.03057588,
1455,0.02053163,
1456,-0.04298349,
1457,-0.04032472,
1458,0.01816828,
1459,0.02629231,
1460,0.01196448,
1461,-0.04217109,
1462,-0.01074587,
1463,-0.05476333,
1464,0.03556108,
1465,0.08319742,
1466,0.03980773,
1467,0.0207532,
1468,-0.05812372,
1469,0.01370006,
1470,-0.07455641,
1471,0.10011017,
1472,-0.00140324,
1473,0.0093057,
1474,-0.02193487,
1475,-0.00564989,
1476,0.01362621,
1477,0.00520676,
1478,-0.02740013,
1479,0.02688314,
1480,-0.02389203,
1481,-0.01196448,
1482,0.04398053,
1483,0.01694967,
1484,0.03301309,
1485,-0.01720817,
1486,-0.01750359,
1487,-0.02481521,
1488,0.04833796,
1489,0.0107828,
1490,0.03530259,
1491,0.0161742,
1492,-0.02625538,
1493,-0.05147679,
1494,0.00302805,
1495,0.01081973,
1496,0.03238533,
1497,-0.02163945,
1498,-0.00432051,
1499,0.02311655,
1500,-0.00949034,
1501,-0.03574572,
1502,-0.02651387,
1503,0.01466018,
1504,-0.00336039,
1505,0.01137364,
1506,-0.01406934,
1507,0.04922422,
1508,0.00472671,
1509,-0.02064241,
1510,0.00243721,
1511,0.01565722,
1512,0.04896573,
1513,-0.03777673,
1514,0.00059084,
1515,0.01096744,
1516,-0.03759209,
1517,0.06325663,
1518,0.02392895,
1519,-0.02706778,
1520,-0.01081973,
1521,0.03201605,
1522,0.01056124,
1523,0.00513291,
1524,-0.02791711,
1525,0.01251839,
1526,0.00823481,
1527,0.01547258,
1528,0.0095642,
1529,0.04416517,
1530,-0.03208991,
1531,-0.04675008,
1532,0.04194952,
1533,0.0342317,
1534,0.03593036,
1535,-0.00491134,
1536,-0.03696432,
1537,-0.03135136,
1538,0.05524339,
1539,0.02296884,
1540,-0.00136631,
1541,-0.08888424,
1542,0.03737053,
1543,0.02374432,
1544,0.00070162,
1545,0.01853755,
1546,-0.03079745,
1547,0.05328623,
1548,-0.02274728,
1549,0.02961577,
1550,0.01491867,
1551,0.00144017,
1552,0.00151402,
1553,-0.07795373,
1554,0.08689016,
1555,0.04516221,
1556,-0.01152135,
1557,0.01340464,
1558,-0.10686789,
1559,0.06669088,
1560,0.01322001,
1561,0.02669851,
1562,-0.00014771,
1563,0.02662465,
1564,0.00642537,
1565,0.02064241,
1566,0.03293924,
1567,-0.02193487,
1568,0.02747398,
1569,-0.08352977,
1570,0.01229682,
1571,0.03663198,
1572,-0.02315348,
1573,-0.03980773,
1574,0.08205267,
1575,-0.0130723,
1576,0.01635884,
1577,-0.05221534,
1578,0.02957884,
1579,-0.03703818,
1580,0.04863338,
1581,0.02488907,
1582,-0.02230415,
1583,-0.06484451,
1584,0.01436476,
1585,0.06635853,
1586,0.00236335,
1587,-0.01466018,
1588,-0.05749596,
1589,0.05886227,
1590,0.00155095,
1591,0.02311655,
1592,-0.03925382,
1593,0.00491134,
1594,-0.04446059,
1595,0.04065706,
1596,0.02138096,
1597,0.03759209,
1598,0.02411359,
1599,-0.04290963,
1600,-0.00764397,
1601,-0.00413587,
1602,0.04833796,
1603,0.01787286,
1604,0.00937956,
1605,0.00878872,
1606,0.03035432,
1607,-0.00217872,
1608,-0.01115207,
1609,-0.04471908,
1610,0.00816095,
1611,0.02488907,
1612,-0.04999969,
1613,0.00694235,
1614,0.05712668,
1615,0.01558336,
1616,-0.01381085,
1617,-0.0130723,
1618,0.00949034,
1619,0.00576067,
1620,0.00893643,
1621,-0.0311298,
1622,0.02186102,
1623,-0.0512183,
1624,0.04619617,
1625,0.02799097,
1626,0.01240761,
1627,-0.00974883,
1628,-0.00420972,
1629,0.03072359,
1630,0.0095642,
1631,0.00084933,
1632,0.06639546,
1633,0.00284341,
1634,-0.03511795,
1635,0.02090091,
1636,0.03873684,
1637,-0.03552416,
1638,0.03389935,
1639,-0.05321238,
1640,0.06731864,
1641,-0.01041353,
1642,0.01898068,
1643,-0.03389935,
1644,0.04841182,
1645,-0.00509598,
1646,-0.05672048,
1647,-0.02673544,
1648,-0.00107089,
1649,0.02378124,
1650,0.00022156,
1651,-0.05177221,
1652,0.01344157,
1653,0.05214148,
1654,0.05413556,
1655,-0.02333811,
1656,0.03866298,
1657,-0.02684622,
1658,0.01650655,
1659,-0.00742241,
1660,0.00675771,
1661,-0.02038392,
1662,-0.05683126,
1663,0.05265847,
1664,-0.09464492,
1665,0.06244423,
1666,0.01868526,
1667,-0.01683889,
1668,-0.00288034,
1669,0.01129978,
1670,-0.01432783,
1671,0.02064241,
1672,-0.04194952,
1673,-0.00790246,
1674,0.0400293,
1675,0.03552416,
1676,0.01443861,
1677,0.00465285,
1678,0.01584185,
1679,-0.04586383,
1680,0.03548723,
1681,-0.00317576,
1682,0.00132939,
1683,-0.04571612,
1684,-0.05664663,
1685,-0.011189,
1686,-0.02248878,
1687,0.02673544,
1688,0.06251808,
1689,0.00066469,
1690,0.01019196,
1691,0.01923917,
1692,0.00136631,
1693,0.00380352,
1694,0.00483749,
1695,-0.03386242,
1696,0.03984466,
1697,-0.00439436,
1698,0.02186102,
1699,0.01894375,
1700,0.02322733,
1701,-0.05568651,
1702,-0.10790185,
1703,0.08980743,
1704,0.03954924,
1705,-0.01314615,
1706,-0.03327158,
1707,0.08286508,
1708,-0.05587115,
1709,0.01971923,
1710,0.01528794,
1711,0.00753319,
1712,-0.0477102,
1713,0.03172063,
1714,0.03485946,
1715,-0.04881802,
1716,0.0285818,
1717,0.07511032,
1718,0.0122599,
1719,0.00206793,
1720,0.01942381,
1721,0.01067202,
1722,0.00653615,
1723,-0.00354503,
1724,0.00051698,
1725,-0.01189062,
1726,0.04242958,
1727,-0.00454207,
1728,-0.11731834,
1729,-0.03220069,
1730,0.09505112,
1731,0.00450514,
1732,0.0516245,
1733,-0.00210486,
1734,0.00583453,
1735,-0.00576067,
1736,-0.01362621,
1737,0.0211594,
1738,-0.08205267,
1739,0.06635853,
1740,0.00099704,
1741,-0.05092288,
1742,0.05217841,
1743,-0.00236335,
1744,-0.19006531,
1745,0.0962328,
1746,0.04095248,
1747,0.01074587,
1748,0.00550218,
1749,-0.00299112,
1750,-0.05376629,
1751,-0.04021393,
1752,-0.01794671,
1753,0.0982638,
1754,0.00841945,
1755,0.01322001,
1756,0.0031019,
1757,-0.1826429,
1758,0.10287973,
1759,0.03474868,
1760,-0.06251808,
1761,0.03460097,
1762,0.03061281,
1763,0.00291726,
1764,0.00376659,
1765,0.00343425,
1766,-0.01259224,
1767,-0.00653615,
1768,0.00513291,
1769,0.00336039,
1770,-0.00162481,
1771,0.00302805,
1772,-0.0115952,
1773,-0.04918729,
1774,0.06558306,
1775,0.00136631,
1776,-0.00919492,
1777,-0.05941618,
1778,0.01783593,
1779,-0.06809412,
1780,0.0242613,
1781,0.0547264,
1782,-0.01067202,
1783,-0.00398816,
1784,0.01779901,
1785,0.00731162,
1786,-0.05974853,
1787,-0.05491104,
1788,0.02802789,
1789,0.07019898,
1790,-0.00066469,
1791,-0.02149174,
1792,-0.07581194,
1793,0.08079714,
1794,-0.07252541,
1795,0.0396231,
1796,0.02961577,
1797,0.0107828,
1798,0.02415052,
1799,-0.00169866,
1800,-0.0557973,
1801,-0.05214148,
1802,-0.03068667,
1803,0.1094528,
1804,-0.0365212,
1805,0.01340464,
1806,-0.0804648,
1807,0.03297617,
1808,0.03615192,
1809,0.02610767,
1810,-0.02056856,
1811,0.02647694,
1812,-0.00059084,
1813,-0.0008124,
1814,-0.0012186,
1815,0.01122593,
1816,-0.02784326,
1817,-0.06532456,
1818,0.02019929,
1819,0.01890683,
1820,0.0246675,
1821,0.05587115,
1822,-0.10070101,
1823,0.1105237,
1824,0.03116672,
1825,-0.0161742,
1826,-0.03611499,
1827,0.01802057,
1828,0.03718589,
1829,0.01776208,
1830,0.00731162,
1831,0.00162481,
1832,-0.01539872,
1833,-0.01669118,
1834,0.01399548,
1835,-0.01813135,
1836,-0.02577532,
1837,0.01418012,
1838,-0.02488907,
1839,0.0072747,
1840,0.06547227,
1841,-0.02019929,
1842,-0.05727439,
1843,0.07252541,
1844,0.02632923,
1845,-0.01285073,
1846,0.02950499,
1847,0.00919492,
1848,-0.01019196,
1849,-0.0039143,
1850,0.0211594,
1851,-0.01170598,
1852,-0.01798364,
1853,0.00328654,
1854,0.00542833,
1855,-0.00985961,
1856,-0.17248787,
1857,0.08689016,
1858,0.10516923,
1859,0.04102634,
1860,0.02477828,
1861,-0.05997009,
1862,0.01691275,
1863,0.00169866,
1864,0.03389935,
1865,-0.02130711,
1866,0.00317576,
1867,0.00771783,
1868,-0.03522874,
1869,0.00177252,
1870,0.0323484,
1871,0.00483749,
1872,-0.01462325,
1873,-0.19427503,
1874,0.15550127,
1875,0.04612232,
1876,-0.0012186,
1877,0.04564226,
1878,0.01894375,
1879,-0.04054628,
1880,0.04527299,
1881,0.0338255,
1882,0.00284341,
1883,0.00051698,
1884,0.00132939,
1885,-0.03966002,
1886,0.02496292,
1887,0.02943113,
1888,-0.01443861,
1889,0.01370006,
1890,-0.0026957,
1891,-0.02311655,
1892,0.02747398,
1893,0.02223029,
1894,-0.03264382,
1895,0.04667623,
1896,0.03124058,
1897,-0.05949004,
1898,0.02182409,
1899,0.00177252,
1900,0.00901028,
1901,0.01894375,
1902,0.00513291,
1903,0.01816828,
1904,0.0057976,
1905,-0.03899533,
1906,-0.00155095,
1907,0.06532456,
1908,0.0285818,
1909,-0.00450514,
1910,-0.00413587,
1911,-0.01019196,
1912,0.00317576,
1913,-0.04907651,
1914,0.03149907,
1915,-0.01048738,
1916,0.02341197,
1917,0.00236335,
1918,0.01022889,
1919,-0.02895108,
1920,0.02444594,
1921,0.00649922,
1922,0.02045778,
1923,-0.08434217,
1924,0.06218574,
1925,0.00339732,
1926,0.00007385,
1927,-0.08264351,
1928,0.07282083,
1929,0.05084902,
1930,-0.05265847,
1931,0.08574541,
1932,0.0281756,
1933,-0.00358196,
1934,-0.00528062,
1935,-0.01373699,
1936,-0.00823481,
1937,0.01340464,
1938,-0.01502945,
1939,0.02396588,
1940,0.00070162,
1941,-0.05140294,
1942,0.03445326,
1943,-0.00284341,
1944,0.00989654,
1945,0.00542833,
1946,-0.04996277,
1947,0.06802026,
1948,-0.01259224,
1949,-0.01170598,
1950,-0.00764397,
1951,-0.04719321,
1952,0.01318308,
1953,-0.01595264,
1954,0.04785791,
1955,0.02429823,
1956,-0.01395856,
1957,0.01779901,
1958,-0.0231904,
1959,-0.01111515,
1960,0.00125553,
1961,0.00790246,
1962,-0.02592303,
1963,0.02090091,
1964,-0.00232643,
1965,0.00878872,
1966,0.02167638,
1967,0.01831599,
1968,0.01971923,
1969,0.00823481,
1970,0.00402509,
1971,-0.05435713,
1972,0.02758477,
1973,0.05217841,
1974,-0.0022895,
1975,-0.00712699,
1976,-0.01011811,
1977,0.01270302,
1978,0.00136631,
1979,0.0107828,
1980,0.00251106,
1981,-0.00432051,
1982,0.00952727,
1983,0.01573107,
1984,0.01706046,
1985,0.00476363,
1986,0.00206793,
1987,-0.00779168,
1988,0.00044313,
1989,0.00897336,
1990,-0.02090091,
1991,-0.00144017,
1992,-0.00413587,
1993,0.00465285,
1994,0.00125553,
1995,-0.00428358,
1996,-0.0350441,
1997,0.02562761,
1998,0.00236335,
1999,0.00339732,
2000,0.01041353,
2001,-0.00420972,
2002,-0.00472671,
2003,-0.00583453,
2004,0.00963805,
2005,0.01598956,
2006,-0.01510331,
2007,0.02629231,
2008,-0.00007385,
2009,-0.01011811,
2010,0.00365581,
2011,0.00675771,
2012,-0.0261446,
2013,0.00841945,
2014,-0.01122593,
2015,-0.00029542,
2016,0.01598956,
2017,-0.00398816,
2018,-0.00025849,
2019,-0.01067202,
2020,-0.00347118,
2021,-0.01779901,
2022,-0.00594531,
2023,0.02470443,
2024,0.01170598,
2025,-0.00915799,
2026,-0.00446821,
2027,0.00192022,
2028,0.00302805,
2029,0.01432783,
2030,0.00044313,
2031,-0.00236335,
2032,0.00528062,
2033,-0.00982269,
2034,-0.01336772,
2035,-0.01340464,
2036,0.00882565,
2037,0.01506638,
2038,0.00524369,
2039,-0.00764397,
2040,-0.01558336,
2041,0.01602649,
2042,0.01621113,
2043,0.00749626,
2044,-0.0093057,
2045,-0.04021393,
2046,0.02186102,
2047,0.01676504,
2048,-0.0130723,
2049,-0.04593768,
2050,0.00505905,
2051,0.02429823,
2052,-0.00901028,
2053,-0.01185369,
2054,0.01639576,
2055,0.01598956,
2056,0.00398816,
2057,-0.00029542,
2058,-0.00384045,
2059,0.00077548,
2060,0.00033235,
2061,-0.00339732,
2062,0.00649922,
2063,-0.00716391,
2064,-0.00583453,
2065,-0.01004425,
2066,-0.02581225,
2067,0.00853023,
2068,-0.01358928,
2069,-0.02780633,
2070,-0.01510331,
2071,0.03408399,
2072,0.02407666,
2073,0.00672079,
2074,0.00070162,
2075,-0.00070162,
2076,0.00262185,
2077,-0.00435743,
2078,-0.00576067,
2079,-0.00971191,
2080,-0.00118168,
2081,-0.00402509,
2082,-0.00483749,
2083,-0.01026582,
2084,-0.01949767,
2085,-0.00439436,
2086,0.01672811,
2087,0.00513291,
2088,0.00494827,
2089,-0.00096011,
2090,-0.02241493,
2091,-0.03456404,
2092,0.00217872,
2093,0.00358196,
2094,0.02211951,
2095,0.01395856,
2096,-0.03681661,
2097,-0.00779168,
2098,0.00823481,
2099,-0.00025849,
2100,0.01370006,
2101,0.0103766,
2102,0.00025849,
2103,-0.00624073,
2104,-0.00321268,
2105,-0.00084933,
2106,-0.00952727,
2107,-0.0041728,
2108,-0.00144017,
2109,-0.00328654,
2110,-0.0062038,
2111,-0.01820521,
2112,0.00616688,
2113,0.00875179,
2114,0.00694235,
2115,0.00247414,
2116,-0.00299112,
2117,-0.0062038,
2118,-0.00583453,
2119,0.0004062,
2120,-0.00428358,
2121,-0.00745933,
2122,-0.00243721,
2123,-0.00177252,
2124,-0.00395123,
2125,0.0026957,
2126,-0.00059084,
2127,-0.00025849,
2128,-0.00971191,
2129,-0.0176513,
2130,-0.00077548,
2131,-0.00206793,
2132,-0.00177252,
2133,0.00062777,
2134,-0.00066469,
2135,-0.00731162,
2136,-0.00324961,
2137,-0.00195715,
2138,0.00816095,
2139,0.00243721,
2140,0.00003693,
2141,-0.00306497,
2142,-0.00291726,
2143,-0.00232643,
2144,0.00096011,
2145,-0.00084933,
2146,-0.01196448,
2147,-0.01081973,
2148,0.00912107,
2149,-0.00638844,
2150,0.00025849,
2151,-0.00661,
2152,-0.00550218,
2153,-0.00435743,
2154,-0.00125553,
2155,-0.00284341,
2156,-0.01104129,
2157,-0.00155095,
2158,-0.00328654,
2159,-0.00265877,
2160,-0.00587146,
2161,-0.00376659,
2162,-0.00690542,
2163,-0.00875179,
2164,-0.00114475,
2165,0.00169866,
2166,0.00653615,
2167,-0.00051698,
2168,0.00576067,
2169,0.00649922,
2170,-0.01074587,
2171,-0.00302805,
2172,-0.00598224,
2173,-0.00838252,
2174,-0.25247261,
2175,-0.00782861,
2176,0.10775414,
2177,0.05007355,
2178,-0.0997409,
2179,-0.09025056,
2180,0.10280587,
2181,0.10897275,
2182,0.04239265,
2183,0.03297617,
2184,0.00011078,
2185,0.01011811,
2186,-0.03042817,
2187,-0.00502213,
2188,-0.04915036,
2189,0.04150639,
2190,0.04276193,
2191,-0.01713431,
2192,0.01152135,
2193,-0.00372967,
2194,-0.0018833,
2195,0.0180575,
2196,0.01137364,
2197,0.00668386,
2198,0.00468978,
2199,0.00210486,
2200,-0.00723777,
2201,-0.00838252,
2202,-0.00919492,
2203,-0.0300589,
2204,0.0068685,
2205,0.00432051,
2206,-0.0231904,
2207,-0.09331553,
2208,0.0053914,
2209,-0.06754021,
2210,0.05494797,
2211,0.08164647,
2212,-0.01418012,
2213,-0.06635853,
2214,0.03482253,
2215,0.04756249,
2216,0.0497412,
2217,0.01934996,
2218,0.00136631,
2219,-0.00339732,
2220,-0.00070162,
2221,-0.01510331,
2222,0.00280648,
2223,-0.03404706,
2224,0.01447554,
2225,-0.01251839,
2226,-0.07178686,
2227,-0.02688314,
2228,0.12053102,
2229,-0.00420972,
2230,0.03958617,
2231,-0.00797632,
2232,-0.02629231,
2233,-0.02522141,
2234,0.01451247,
2235,0.03364086,
2236,-0.00712699,
2237,-0.0130723,
2238,-0.0663216,
2239,0.05457869,
2240,0.01838984,
2241,0.03308695,
2242,0.02374432,
2243,0.00232643,
2244,0.0068685,
2245,-0.02152867,
2246,-0.04187567,
2247,0.03980773,
2248,-0.02980041,
2249,-0.00372967,
2250,-0.02802789,
2251,-0.02182409,
2252,-0.02994812,
2253,0.05494797,
2254,-0.02703085,
2255,0.03242225,
2256,-0.01584185,
2257,-0.0076809,
2258,-0.01595264,
2259,0.01558336,
2260,0.0557973,
2261,0.04224494,
2262,-0.03393628,
2263,0.01104129,
2264,-0.02813868,
2265,0.0041728,
2266,0.01802057,
2267,-0.01026582,
2268,0.0076809,
2269,0.00317576,
2270,-0.01964537,
2271,-0.04235572,
2272,0.02056856,
2273,-0.00048006,
2274,0.05745903,
2275,-0.10583392,
2276,0.07603351,
2277,0.05062746,
2278,0.00901028,
2279,0.02570147,
2280,-0.00468978,
2281,-0.02167638,
2282,-0.00247414,
2283,0.0250737,
2284,0.01299844,
2285,-0.01665426,
2286,-0.02182409,
2287,-0.00468978,
2288,-0.0008124,
2289,0.04564226,
2290,0.02093783,
2291,-0.07259926,
2292,-0.01510331,
2293,0.00819788,
2294,-0.04464522,
2295,0.09937162,
2296,0.04604846,
2297,-0.02828639,
2298,-0.00509598,
2299,-0.04028779,
2300,0.00675771,
2301,0.01499252,
2302,0.02053163,
2303,-0.01074587,
2304,-0.02610767,
2305,0.05265847,
2306,-0.00324961,
2307,0.05827143,
2308,0.01344157,
2309,-0.0312775,
2310,0.00531755,
2311,-0.03053896,
2312,-0.00354503,
2313,0.03755516,
2314,0.04180181,
2315,-0.12012482,
2316,-0.01473403,
2317,0.03515488,
2318,0.05066439,
2319,0.05251076,
2320,-0.05812372,
2321,0.03386242,
2322,-0.02725242,
2323,-0.00070162,
2324,0.01510331,
2325,-0.00631458,
2326,0.03057588,
2327,-0.01122593,
2328,0.00051698,
2329,-0.00262185,
2330,-0.00439436,
2331,0.00661,
2332,0.0346379,
2333,0.00760704,
2334,-0.00454207,
2335,0.02869259,
2336,-0.02082705,
2337,0.02204566,
2338,-0.0393646,
2339,-0.02208258,
2340,0.01539872,
2341,0.05627735,
2342,-0.0161742,
2343,-0.04113712,
2344,0.00967498,
2345,-0.04571612,
2346,0.06477065,
2347,0.02256264,
2348,0.03548723,
2349,0.00254799,
2350,-0.0700882,
2351,0.0323484,
2352,-0.08131413,
2353,0.0501474,
2354,0.03796136,
2355,-0.0261446,
2356,0.00265877,
2357,-0.00882565,
2358,0.04383282,
2359,0.00173559,
2360,-0.0798001,
2361,0.07451949,
2362,0.04656545,
2363,0.00926878,
2364,-0.10121799,
2365,-0.0308713,
2366,0.03670583,
2367,0.03522874,
2368,0.0250737,
2369,-0.00971191,
2370,-0.00649922,
2371,0.01395856,
2372,-0.0173928,
2373,-0.00845637,
2374,-0.0088995,
2375,0.03844142,
2376,0.0095642,
2377,-0.02071627,
2378,0.03714896,
2379,0.01454939,
2380,0.00908414,
2381,0.02499985,
2382,0.02330119,
2383,-0.04593768,
2384,0.04294656,
2385,0.03559801,
2386,0.02743706,
2387,-0.03633656,
2388,0.00576067,
2389,0.02053163,
2390,0.06214881,
2391,-0.00251106,
2392,-0.05786523,
2393,-0.01141057,
2394,0.02149174,
2395,-0.0366689,
2396,0.02920957,
2397,0.0277694,
2398,0.00853023,
2399,-0.02101169,
2400,-0.01281381,
2401,0.05756981,
2402,0.02079012,
2403,-0.03689047,
2404,0.03799829,
2405,0.01761437,
2406,-0.09390637,
2407,0.10328593,
2408,-0.00472671,
2409,-0.00354503,
2410,-0.01022889,
2411,0.00151402,
2412,-0.00576067,
2413,-0.00029542,
2414,0.00723777,
2415,-0.00797632,
2416,-0.03002197,
2417,0.03670583,
2418,0.0231904,
2419,0.02562761,
2420,-0.07573809,
2421,0.05302774,
2422,-0.0740025,
2423,0.05886227,
2424,-0.05768059,
2425,0.05941618,
2426,0.0126661,
2427,-0.00114475,
2428,0.04889187,
2429,0.00003693,
2430,-0.05568651,
2431,-0.01683889,
2432,0.01768822,
2433,0.00502213,
2434,-0.04239265,
2435,0.05561266,
2436,-0.03279153,
2437,0.01964537,
2438,-0.05516953,
2439,0.04723014,
2440,0.02378124,
2441,0.02773247,
2442,-0.01872219,
2443,-0.08840419,
2444,0.0766982,
2445,-0.01377392,
2446,0.00601917,
2447,0.00365581,
2448,-0.02595996,
2449,0.05664663,
2450,0.02451979,
2451,-0.07584887,
2452,0.05184606,
2453,-0.00472671,
2454,-0.04346355,
2455,0.05066439,
2456,-0.03615192,
2457,0.02721549,
2458,-0.00878872,
2459,-0.02765862,
2460,0.01890683,
2461,0.02186102,
2462,-0.00967498,
2463,0.02902493,
2464,0.01983001,
2465,0.01953459,
2466,-0.04841182,
2467,0.08024323,
2468,-0.01340464,
2469,-0.0246675,
2470,-0.04139561,
2471,-0.01170598,
2472,0.05295389,
2473,0.00805017,
2474,0.0288403,
2475,-0.01318308,
2476,-0.07913541,
2477,0.05624042,
2478,-0.02045778,
2479,0.01281381,
2480,-0.00723777,
2481,-0.00343425,
2482,0.08888424,
2483,-0.01720817,
2484,0.00254799,
2485,-0.01229682,
2486,0.00468978,
2487,0.00029542,
2488,-0.02821253,
2489,0.00982269,
2490,0.00284341,
2491,-0.06676473,
2492,0.0516245,
2493,0.00236335,
2494,-0.07861843,
2495,0.09025056,
2496,0.00450514,
2497,-0.02909879,
2498,0.03072359,
2499,0.01831599,
2500,0.03345622,
2501,0.00509598,
2502,-0.04438673,
2503,-0.00649922,
2504,-0.07245155,
2505,0.07222999,
2506,0.00358196,
2507,-0.06255501,
2508,0.03223762,
2509,0.00875179,
2510,0.03035432,
2511,-0.03460097,
2512,0.0400293,
2513,0.00243721,
2514,0.01979308,
2515,-0.04571612,
2516,-0.08371441,
2517,-0.00864101,
2518,0.09420179,
2519,-0.01510331,
2520,0.05324931,
2521,-0.03722282,
2522,0.02618152,
2523,-0.022378,
2524,-0.10214118,
2525,0.08943815,
2526,0.01990387,
2527,0.01949767,
2528,-0.02802789,
2529,0.07119602,
2530,0.00306497,
2531,-0.00299112,
2532,0.01008118,
2533,0.01761437,
2534,-0.00919492,
2535,-0.00217872,
2536,-0.07802759,
2537,0.02230415,
2538,0.04453444,
2539,0.01820521,
2540,0.00531755,
2541,-0.00642537,
2542,0.00731162,
2543,-0.0012186,
2544,-0.00114475,
2545,0.00195715,
2546,0.00033235,
2547,0.00062777,
2548,-0.01041353,
2549,-0.04841182,
2550,0.03408399,
2551,0.00014771,
2552,0.00668386,
2553,0.00853023,
2554,0.02802789,
2555,-0.15642445,
2556,0.16225898,
2557,-0.1171337,
2558,0.0982638,
2559,-0.1086404,
2560,0.09608509,
2561,-0.04907651,
2562,-0.00151402,
2563,0.02525834,
2564,0.01233375,
2565,-0.04556841,
2566,0.04641774,
2567,0.04848567,
2568,-0.0107828,
2569,0.00195715,
2570,-0.02802789,
2571,-0.02522141,
2572,0.06661702,
2573,0.02810175,
2574,0.0211594,
2575,0.00468978,
2576,-0.00066469,
2577,-0.01480789,
2578,0.01170598,
2579,-0.04213416,
2580,-0.08341899,
2581,-0.01152135,
2582,0.060524,
2583,0.02703085,
2584,0.00967498,
2585,-0.00864101,
2586,0.00435743,
2587,-0.0916538,
2588,0.08563463,
2589,0.02285806,
2590,-0.00033235,
2591,-0.03039125,
2592,-0.02064241,
2593,0.03500717,
2594,0.01565722,
2595,-0.03541337,
2596,0.0242613,
2597,-0.09830073,
2598,0.03367779,
2599,0.03954924,
2600,0.01045045,
2601,-0.05956389,
2602,0.06192724,
2603,-0.00505905,
2604,-0.00845637,
2605,0.02293191,
2606,-0.0215656,
2607,-0.04693472,
2608,0.03245918,
2609,0.01602649,
2610,-0.00025849,
2611,-0.02311655,
2612,0.01820521,
2613,-0.04844874,
2614,0.10627705,
2615,-0.04460829,
2616,0.05420942,
2617,0.0257384,
2618,-0.02559069,
2619,-0.09191229,
2620,0.07913541,
2621,-0.0107828,
2622,0.02127018,
2623,0.00568682,
2624,0.01285073,
2625,-0.0004062,
2626,0.0039143,
2627,-0.01259224,
2628,-0.04364818,
2629,0.05376629,
2630,0.00195715,
2631,0.00661,
2632,-0.07315317,
2633,0.08958586,
2634,-0.01333079,
2635,0.01983001,
2636,0.00177252,
2637,-0.00251106,
2638,-0.12285745,
2639,0.10132878,
2640,0.02429823,
2641,0.00284341,
2642,-0.00993347,
2643,0.00096011,
2644,0.00989654,
2645,-0.0200885,
2646,0.0031019,
2647,0.01333079,
2648,0.00679464,
2649,-0.02285806,
2650,0.00376659,
2651,0.01436476,
2652,-0.00779168,
2653,-0.00151402,
2654,0.02599689,
2655,0.01185369,
2656,0.01517716,
2657,0.07725211,
2658,0.01502945,
2659,0.00487442,
2660,-0.01011811,
2661,-0.01048738,
2662,-0.15402417,
2663,0.11451186,
2664,0.00605609,
2665,-0.04383282,
2666,-0.00697928,
2667,0.04290963,
2668,0.00731162,
2669,0.01635884,
2670,0.01056124,
2671,0.00587146,
2672,-0.01100436,
2673,-0.00435743,
2674,-0.00971191,
2675,-0.00033235,
2676,0.0308713,
2677,-0.00679464,
2678,-0.00192022,
2679,-0.01868526,
2680,0.00247414,
2681,-0.03146214,
2682,0.04420209,
2683,-0.00062777,
2684,0.01067202,
2685,-0.00860408,
2686,-0.02392895,
2687,0.04220801,
2688,-0.00697928,
2689,-0.00841945,
2690,-0.00413587,
2691,0.01248146,
2692,0.03216376,
2693,-0.00062777,
2694,-0.00376659,
2695,-0.01794671,
2696,0.0146971,
2697,0.00834559,
2698,-0.00011078,
2699,0.00568682,
2700,0.0004062,
2701,-0.03456404,
2702,0.02481521,
2703,0.02285806,
2704,0.00195715,
2705,-0.00675771,
2706,0.01713431,
2707,0.01898068,
2708,-0.00435743,
2709,-0.00232643,
2710,-0.00372967,
2711,0.01299844,
2712,0.00871487,
2713,-0.04143254,
2714,0.01898068,
2715,0.02248878,
2716,0.00985961,
2717,-0.00454207,
2718,-0.02112247,
2719,-0.01842677,
2720,-0.01008118,
2721,0.02444594,
2722,0.0130723,
2723,0.00631458,
2724,-0.01011811,
2725,-0.00982269,
2726,-0.00764397,
2727,0.01868526,
2728,0.00624073,
2729,0.00007385,
2730,-0.00380352,
2731,-0.0057976,
2732,0.00937956,
2733,-0.01104129,
2734,-0.00483749,
2735,0.02005158,
2736,-0.01152135,
2737,-0.02263649,
2738,0.02263649,
2739,0.01432783,
2740,-0.00472671,
2741,-0.00210486,
2742,0.00136631,
2743,0.00568682,
2744,0.0146971,
2745,0.00583453,
2746,0.00140324,
2747,-0.0022895,
2748,-0.00025849,
2749,-0.00324961,
2750,-0.00291726,
2751,-0.00601917,
2752,-0.00753319,
2753,-0.03866298,
2754,0.01706046,
2755,0.00136631,
2756,0.02581225,
2757,0.01203833,
2758,-0.01898068,
2759,0.00232643,
2760,0.02463057,
2761,0.00428358,
2762,0.00583453,
2763,0.00893643,
2764,0.0004062,
2765,0.0008124,
2766,-0.00354503,
2767,-0.00709006,
2768,-0.00084933,
2769,-0.01152135,
2770,-0.00446821,
2771,-0.00502213,
2772,0.01351543,
2773,0.00465285,
2774,-0.00742241,
2775,0.01048738,
2776,0.00062777,
2777,-0.01259224,
2778,-0.00262185,
2779,0.01953459,
2780,0.0093057,
2781,0.00649922,
2782,-0.00144017,
2783,-0.00487442,
2784,0.00561296,
2785,-0.00509598,
2786,-0.0076809,
2787,-0.01137364,
2788,-0.00395123,
2789,-0.00853023,
2790,0.0103766,
2791,0.00144017,
2792,-0.00114475,
2793,-0.01129978,
2794,0.01155828,
2795,0.00483749,
2796,-0.00901028,
2797,-0.00324961,
2798,0.00446821,
2799,0.0008124,
2800,-0.0126661,
2801,-0.00376659,
2802,-0.00354503,
2803,0.00044313,
2804,-0.00365581,
2805,-0.01706046,
2806,-0.01056124,
2807,-0.00827174,
2808,0.01085665,
2809,0.01303537,
2810,0.00882565,
2811,0.00483749,
2812,-0.00306497,
2813,0.01026582,
2814,0.00339732,
2815,-0.00616688,
2816,0.00033235,
2817,0.00084933,
2818,-0.00709006,
2819,-0.00561296,
2820,-0.00324961,
2821,0.00265877,
2822,-0.00446821,
2823,-0.01351543,
2824,-0.0153618,
2825,0.00003693,
2826,0.01203833,
2827,-0.00354503,
2828,0.00949034,
2829,-0.00140324,
2830,-0.00612995,
2831,-0.00354503,
2832,0.00897336,
2833,0.00273263,
2834,-0.00099704,
2835,-0.00528062,
2836,-0.00162481,
2837,-0.02765862,
2838,-0.01861141,
2839,0.01436476,
2840,0.01598956,
2841,0.01355235,
2842,0.00088626,
2843,0.00014771,
2844,-0.00502213,
2845,-0.00011078,
2846,-0.0093057,
2847,-0.00243721,
2848,-0.00576067,
2849,-0.00513291,
2850,-0.01189062,
2851,0.0004062,
2852,0.00528062,
2853,0.01296152,
2854,0.00155095,
2855,-0.00084933,
2856,-0.00114475,
2857,-0.00151402,
2858,-0.00302805,
2859,-0.00302805,
2860,0.0004062,
2861,-0.01011811,
2862,0.00022156,
2863,-0.00675771,
2864,-0.01008118,
2865,0.00118168,
2866,-0.00003693,
2867,-0.00225257,
2868,-0.00306497,
2869,0.00243721,
2870,-0.00502213,
2871,-0.00949034,
2872,-0.00576067,
2873,-0.00151402,
2874,-0.00483749,
2875,0.00144017,
2876,-0.00210486,
2877,-0.00217872,
2878,-0.00612995,
2879,-0.0018833,
2880,-0.00317576,
2881,-0.00328654,
2882,0.00446821,
2883,-0.00365581,
2884,0.00048006,
2885,-0.00217872,
2886,-0.00672079,
2887,-0.00361888,
2888,0.0004062,
2889,-0.00088626,
2890,-0.00697928,
2891,0.0026957,
2892,-0.00033235,
2893,-0.00564989,
2894,-0.00901028,
2895,0.00380352,
2896,-0.00694235,
2897,-0.0126661,
2898,0.01502945,
2899,-0.00491134,
2900,-0.00284341,
2901,-0.00162481,
2902,-0.00273263,
2903,-0.00945341,
2904,-0.01262917,
2905,-0.00217872,
2906,0.00875179,
2907,-0.00066469,
2908,-0.00354503,
2909,0.00336039,
2910,-0.01067202,
2911,-0.00144017,
2912,-0.00694235,
2913,-0.00487442,
2914,-0.00199408,
2915,-0.02175024,
2916,-0.01067202,
2917,0.02223029,
2918,0.01004425,
2919,-0.00805017,
2920,-0.08596698,
2921,-0.13448958,
2922,0.10568621,
2923,0.00668386,
2924,0.060524,
2925,-0.12485153,
2926,0.04497757,
2927,0.04951964,
2928,0.06654317,
2929,-0.03906919,
2930,-0.00502213,
2931,0.06816797,
2932,0.04667623,
2933,-0.07943083,
2934,-0.08378826,
2935,0.03201605,
2936,0.06731864,
2937,0.04844874,
2938,0.00642537,
2939,-0.01691275,
2940,-0.00657308,
2941,0.02799097,
2942,-0.00280648,
2943,0.00546525,
2944,-0.00834559,
2945,-0.00845637,
2946,-0.01192755,
2947,-0.0311298,
2948,-0.02355968,
2949,0.03020661,
2950,-0.05273232,
2951,-0.05118137,
2952,0.05177221,
2953,-0.0265508,
2954,-0.00398816,
2955,0.01351543,
2956,0.00343425,
2957,0.02019929,
2958,0.02928343,
2959,-0.00542833,
2960,-0.06772485,
2961,0.00077548,
2962,0.04774712,
2963,0.04039857,
2964,0.01949767,
2965,0.00801325,
2966,-0.03570879,
2967,-0.0947557,
2968,0.06754021,
2969,0.04575304,
2970,-0.00398816,
2971,-0.00236335,
2972,-0.09109989,
2973,-0.13618824,
2974,0.06336741,
2975,0.0366689,
2976,0.06358898,
2977,0.04383282,
2978,0.01787286,
2979,-0.03146214,
2980,-0.00675771,
2981,0.00901028,
2982,0.01853755,
2983,-0.03696432,
2984,-0.00206793,
2985,-0.06742943,
2986,0.04383282,
2987,0.03836756,
2988,0.01853755,
2989,0.00402509,
2990,-0.01724509,
2991,-0.05827143,
2992,-0.02463057,
2993,0.0250737,
2994,-0.00782861,
2995,0.00280648,
2996,0.01303537,
2997,-0.00672079,
2998,0.03530259,
2999,0.00003693,
3000,-0.01045045,
3001,0.02463057,
3002,0.0115952,
3003,-0.05313852,
3004,0.03050203,
3005,0.03364086,
3006,-0.0889581,
3007,0.00324961,
3008,-0.00841945,
3009,0.02230415,
3010,-0.01067202,
3011,-0.09578967,
3012,0.05535417,
3013,0.0632197,
3014,0.01731895,
3015,-0.04014008,
3016,0.01048738,
3017,0.00025849,
3018,0.02581225,
3019,-0.06163182,
3020,0.01746666,
3021,0.06358898,
3022,0.01104129,
3023,-0.00273263,
3024,-0.02241493,
3025,-0.04460829,
3026,0.02503677,
3027,0.0466393,
3028,-0.06344127,
3029,0.03076052,
3030,0.0076809,
3031,-0.04176489,
3032,0.02913572,
3033,0.0288403,
3034,-0.05070132,
3035,0.07499954,
3036,0.01048738,
3037,-0.00177252,
3038,0.00435743,
3039,-0.00136631,
3040,0.01406934,
3041,0.0008124,
3042,-0.01395856,
3043,0.02341197,
3044,0.00372967,
3045,-0.00177252,
3046,0.00468978,
3047,-0.06366283,
3048,0.00273263,
3049,0.01011811,
3050,0.03349315,
3051,0.044756,
3052,0.02045778,
3053,-0.06506607,
3054,-0.01093051,
3055,0.02618152,
3056,0.03094516,
3057,0.00273263,
3058,-0.01946074,
3059,0.02440901,
3060,0.01602649,
3061,-0.00716391,
3062,0.00059084,
3063,0.011189,
3064,-0.01820521,
3065,-0.04675008,
3066,0.00908414,
3067,-0.00616688,
3068,0.01742973,
3069,0.01229682,
3070,-0.00897336,
3071,0.01502945,
3072,0.01768822,
3073,-0.01447554,
3074,-0.01923917,
3075,-0.01059816,
3076,0.04734092,
3077,0.0012186,
3078,0.0250737,
3079,-0.02692007,
3080,0.02514756,
3081,0.03293924,
3082,-0.01831599,
3083,-0.00376659,
3084,0.04150639,
3085,-0.00158788,
3086,0.00317576,
3087,-0.01233375,
3088,-0.00321268,
3089,0.01953459,
3090,0.01517716,
3091,-0.03271767,
3092,0.03899533,
3093,0.03781365,
3094,-0.04398053,
3095,0.02481521,
3096,-0.02322733,
3097,0.04796869,
3098,0.03533952,
3099,-0.02119633,
3100,0.0231904,
3101,0.02171331,
3102,-0.02618152,
3103,-0.00672079,
3104,-0.00192022,
3105,0.04279885,
3106,-0.00280648,
3107,-0.00638844,
3108,-0.01344157,
3109,0.07027284,
3110,-0.00771783,
3111,-0.01137364,
3112,0.03648427,
3113,-0.05228919,
3114,0.06292428,
3115,-0.04379589,
3116,0.0292465,
3117,0.05232612,
3118,0.01776208,
3119,-0.00107089,
3120,-0.0265508,
3121,-0.00505905,
3122,0.0076809,
3123,-0.03485946,
3124,0.02791711,
3125,-0.01141057,
3126,-0.00642537,
3127,0.03659505,
3128,0.00564989,
3129,0.03146214,
3130,-0.10225196,
3131,0.05505875,
3132,0.03068667,
3133,-0.0057976,
3134,0.00476363,
3135,0.01842677,
3136,0.02791711,
3137,-0.03290231,
3138,0.04830103,
3139,0.00949034,
3140,-0.01074587,
3141,0.00642537,
3142,-0.01248146,
3143,0.03663198,
3144,0.02717856,
3145,-0.058493,
3146,0.03223762,
3147,-0.04807947,
3148,0.07872921,
3149,0.03441633,
3150,-0.01362621,
3151,0.00583453,
3152,-0.0231904,
3153,0.07363323,
3154,0.03186834,
3155,-0.01063509,
3156,-0.00937956,
3157,-0.03330851,
3158,0.00232643,
3159,0.02219337,
3160,0.05099673,
3161,0.01857448,
3162,0.0207532,
3163,0.05653584,
3164,-0.02090091,
3165,-0.00114475,
3166,-0.00963805,
3167,-0.00856716,
3168,0.04217109,
3169,0.00077548,
3170,-0.03696432,
3171,0.01133671,
3172,0.00435743,
3173,-0.00742241,
3174,0.00546525,
3175,-0.03485946,
3176,0.03186834,
3177,-0.00483749,
3178,0.00007385,
3179,0.00103397,
3180,-0.01008118,
3181,0.01787286,
3182,-0.02872951,
3183,-0.03641041,
3184,-0.02669851,
3185,0.0192761,
3186,0.05387707,
3187,0.00011078,
3188,0.00232643,
3189,0.00557604,
3190,0.00107089,
3191,0.01414319,
3192,-0.02127018,
3193,0.05564959,
3194,0.0250737,
3195,-0.01030274,
3196,-0.07241462,
3197,0.05694205,
3198,0.02411359,
3199,0.01702353,
3200,-0.01872219,
3201,0.02256264,
3202,-0.07138066,
3203,0.06089328,
3204,0.00365581,
3205,-0.0122599,
3206,-0.08851497,
3207,0.03700125,
3208,-0.00288034,
3209,0.00797632,
3210,0.01192755,
3211,-0.0458269,
3212,0.08201575,
3213,0.05099673,
3214,-0.01081973,
3215,-0.01676504,
3216,0.02599689,
3217,0.0093057,
3218,-0.08293893,
3219,0.05697897,
3220,0.01816828,
3221,0.01270302,
3222,-0.04220801,
3223,0.04796869,
3224,0.00428358,
3225,-0.00697928,
3226,0.00384045,
3227,0.0358565,
3228,0.02411359,
3229,-0.04324198,
3230,0.02740013,
3231,-0.00099704,
3232,0.00690542,
3233,0.03622578,
3234,0.01776208,
3235,0.00520676,
3236,-0.02625538,
3237,0.03541337,
3238,0.02968963,
3239,0.00376659,
3240,-0.00265877,
3241,-0.01757744,
3242,0.01373699,
3243,-0.04675008,
3244,-0.05897305,
3245,0.02599689,
3246,0.06137333,
3247,-0.00273263,
3248,0.02503677,
3249,-0.00668386,
3250,-0.02632923,
3251,0.03164678,
3252,0.01148442,
3253,0.01355235,
3254,-0.06440138,
3255,0.05288003,
3256,-0.04774712,
3257,0.0281756,
3258,-0.00952727,
3259,0.02470443,
3260,-0.16181585,
3261,0.07304239,
3262,0.03833064,
3263,-0.0161742,
3264,0.02337504,
3265,-0.11517655,
3266,0.07444563,
3267,-0.03050203,
3268,0.01414319,
3269,0.01702353,
3270,-0.0180575,
3271,-0.00705313,
3272,0.00967498,
3273,-0.02189795,
3274,0.02223029,
3275,-0.10295358,
3276,0.06894345,
3277,-0.02448286,
3278,-0.04217109,
3279,0.08496994,
3280,0.00893643,
3281,0.01591571,
3282,0.0093057,
3283,-0.01979308,
3284,-0.02895108,
3285,0.01322001,
3286,-0.08633625,
3287,0.10439375,
3288,-0.01543565,
3289,0.06765099,
3290,-0.01831599,
3291,-0.00705313,
3292,0.03142521,
3293,-0.0230427,
3294,-0.00753319,
3295,0.03061281,
3296,-0.03449019,
3297,0.01562029,
3298,0.00376659,
3299,-0.08655782,
3300,0.03685354,
3301,0.09412793,
3302,-0.00107089,
3303,0.00022156,
3304,0.00587146,
3305,0.01022889,
3306,-0.01211219,
3307,0.00528062,
3308,0.00099704,
3309,0.0041728,
3310,0.01233375,
3311,0.01056124,
3312,-0.04261422,
3313,0.03013276,
3314,-0.00764397,
3315,0.00491134,
3316,0.01222297,
3317,-0.00033235,
3318,-0.02396588,
3319,0.04889187,
3320,-0.02019929,
3321,-0.04479293,
3322,-0.06909116,
3323,0.1455678,
3324,0.04988891,
3325,0.01517716,
3326,-0.0176513,
3327,-0.02821253,
3328,0.01325694,
3329,0.01059816,
3330,-0.0018833,
3331,0.01905454,
3332,0.00845637,
3333,-0.065103,
3334,0.00280648,
3335,-0.03478561,
3336,0.00893643,
3337,0.01628498,
3338,0.00251106,
3339,0.0431312,
3340,-0.01584185,
3341,0.02872951,
3342,-0.10033174,
3343,0.04279885,
3344,0.02378124,
3345,-0.00450514,
3346,-0.01447554,
3347,-0.02795404,
3348,0.03131443,
3349,0.04660237,
3350,-0.02869259,
3351,-0.0312775,
3352,-0.00893643,
3353,0.03146214,
3354,-0.03596728,
3355,0.05380322,
3356,-0.03449019,
3357,0.01898068,
3358,0.00583453,
3359,0.01392163,
3360,-0.00195715,
3361,-0.01122593,
3362,0.0265508,
3363,0.0012186,
3364,-0.05380322,
3365,0.07189764,
3366,0.00616688,
3367,-0.00059084,
3368,-0.02090091,
3369,-0.01669118,
3370,-0.12747337,
3371,0.14025025,
3372,-0.00745933,
3373,0.02607074,
3374,-0.00118168,
3375,0.01192755,
3376,-0.01233375,
3377,0.01728202,
3378,0.00675771,
3379,0.01802057,
3380,-0.08415754,
3381,0.06724479,
3382,-0.03770287,
3383,0.04405438,
3384,0.01203833,
3385,0.02828639,
3386,-0.04571612,
3387,0.02891415,
3388,0.02079012,
3389,-0.00048006,
3390,-0.01949767,
3391,-0.01746666,
3392,0.00136631,
3393,-0.03142521,
3394,-0.0012186,
3395,0.02618152,
3396,0.0312775,
3397,0.01971923,
3398,0.00952727,
3399,-0.06325663,
3400,0.05864071,
3401,0.02411359,
3402,-0.00675771,
3403,-0.06214881,
3404,0.05180914,
3405,-0.0800586,
3406,0.07706748,
3407,0.01096744,
3408,0.00014771,
3409,0.00985961,
3410,-0.00749626,
3411,-0.01203833,
3412,-0.01879604,
3413,-0.03999237,
3414,0.02514756,
3415,-0.01085665,
3416,0.033567,
3417,0.01196448,
3418,0.00450514,
3419,0.00339732,
3420,0.01299844,
3421,-0.1240022,
3422,0.03744438,
3423,0.04878109,
3424,0.0296527,
3425,-0.03094516,
3426,0.0238551,
3427,0.0095642,
3428,0.00384045,
3429,-0.02422437,
3430,-0.09036134,
3431,0.02592303,
3432,-0.00893643,
3433,0.03367779,
3434,0.03629963,
3435,0.00409894,
3436,-0.00963805,
3437,0.01155828,
3438,-0.00531755,
3439,0.02267342,
3440,0.00044313,
3441,0.00291726,
3442,0.00199408,
3443,-0.02832331,
3444,0.03264382,
3445,-0.09586352,
3446,0.05941618,
3447,-0.00502213,
3448,0.0039143,
3449,-0.01584185,
3450,-0.01381085,
3451,0.01303537,
3452,-0.02562761,
3453,0.05435713,
3454,0.0107828,
3455,0.01731895,
3456,0.00661,
3457,-0.04593768,
3458,0.0265508,
3459,0.00144017,
3460,0.01281381,
3461,0.00697928,
3462,0.00856716,
3463,0.03389935,
3464,-0.00011078,
3465,-0.01451247,
3466,0.00716391,
3467,-0.00779168,
3468,0.00096011,
3469,-0.00919492,
3470,0.01100436,
3471,-0.00214179,
3472,-0.00169866,
3473,-0.00048006,
3474,-0.04036164,
3475,0.02773247,
3476,0.01650655,
3477,0.00782861,
3478,0.01048738,
3479,0.01074587,
3480,0.00435743,
3481,0.01137364,
3482,-0.0250737,
3483,0.0273632,
3484,-0.01111515,
3485,0.00136631,
3486,-0.00782861,
3487,-0.07315317,
3488,0.04804254,
3489,-0.03892148,
3490,0.00328654,
3491,0.00505905,
3492,0.00834559,
3493,-0.00520676,
3494,-0.01418012,
3495,0.00816095,
3496,0.00782861,
3497,0.01174291,
3498,0.00587146,
3499,-0.03881069,
3500,0.01872219,
3501,-0.00195715,
3502,0.00306497,
3503,0.00398816,
3504,-0.01314615,
3505,-0.03002197,
3506,0.00468978,
3507,0.02555376,
3508,0.0115952,
3509,0.01189062,
3510,-0.0004062,
3511,-0.01233375,
3512,-0.01768822,
3513,0.02348582,
3514,0.00893643,
3515,-0.00180944,
3516,-0.00982269,
3517,-0.00354503,
3518,0.0088995,
3519,-0.00361888,
3520,-0.00487442,
3521,-0.00779168,
3522,-0.01454939,
3523,-0.00140324,
3524,0.02403974,
3525,0.00753319,
3526,-0.01056124,
3527,0.0053914,
3528,0.00328654,
3529,0.00029542,
3530,0.00731162,
3531,-0.00025849,
3532,-0.0022895,
3533,-0.01166906,
3534,-0.02839717,
3535,0.01842677,
3536,-0.00753319,
3537,0.00376659,
3538,0.00550218,
3539,-0.01731895,
3540,-0.02784326,
3541,0.00384045,
3542,0.03057588,
3543,0.01632191,
3544,0.01410627,
3545,0.01222297,
3546,0.00432051,
3547,0.00509598,
3548,0.00151402,
3549,-0.00472671,
3550,-0.00232643,
3551,-0.00151402,
3552,-0.01129978,
3553,-0.01986694,
3554,-0.02514756,
3555,0.00140324,
3556,0.01750359,
3557,-0.01270302,
3558,-0.02595996,
3559,0.0230427,
3560,0.00771783,
3561,0.02064241,
3562,0.01414319,
3563,0.00011078,
3564,0.00033235,
3565,0.00007385,
3566,-0.01129978,
3567,-0.00967498,
3568,-0.00262185,
3569,0.00007385,
3570,-0.01639576,
3571,-0.01499252,
3572,-0.00033235,
3573,0.00114475,
3574,0.00819788,
3575,0.01174291,
3576,-0.02522141,
3577,-0.02396588,
3578,0.00709006,
3579,0.03412091,
3580,0.01056124,
3581,0.00439436,
3582,0.00594531,
3583,0.00705313,
3584,0.00169866,
3585,0.00118168,
3586,-0.00753319,
3587,-0.00827174,
3588,0.00033235,
3589,-0.00169866,
3590,0.00099704,
3591,-0.01325694,
3592,-0.0153618,
3593,-0.01499252,
3594,0.00989654,
3595,0.02477828,
3596,0.00476363,
3597,0.00476363,
3598,-0.004579,
3599,0.00838252,
3600,0.00871487,
3601,-0.01026582,
3602,-0.00336039,
3603,-0.00465285,
3604,-0.00520676,
3605,-0.00790246,
3606,-0.0022895,
3607,0.00502213,
3608,-0.00321268,
3609,-0.00007385,
3610,-0.01473403,
3611,-0.00649922,
3612,0.0173928,
3613,0.01447554,
3614,0.01547258,
3615,0.01473403,
3616,-0.01207526,
3617,-0.00594531,
3618,-0.00380352,
3619,-0.00926878,
3620,-0.01333079,
3621,-0.01281381,
3622,0.00162481,
3623,0.00029542,
3624,-0.00003693,
3625,-0.00716391,
3626,0.00642537,
3627,-0.01370006,
3628,-0.00402509,
3629,-0.02038392,
3630,-0.0026957,
3631,0.00225257,
3632,0.01410627,
3633,0.00339732,
3634,0.00937956,
3635,0.00265877,
3636,-0.00749626,
3637,-0.00949034,
3638,0.00003693,
3639,0.01517716,
3640,0.0031019,
3641,0.00099704,
3642,0.00328654,
3643,-0.00014771,
3644,-0.00265877,
3645,-0.004579,
3646,-0.00612995,
3647,0.00642537,
3648,-0.00860408,
3649,-0.015768,
3650,0.00638844,
3651,0.00380352,
3652,0.01244453,
3653,0.00059084,
3654,-0.00343425,
3655,-0.0004062,
3656,0.00125553,
3657,-0.00051698,
3658,-0.00853023,
3659,-0.00963805,
3660,-0.00262185,
3661,0.00243721,
3662,-0.01240761,
3663,0.00347118,
3664,-0.00505905,
3665,-0.00291726,
3666,0.00247414,
3667,-0.00328654,
3668,-0.01115207,
3669,-0.00339732,
3670,0.00265877,
3671,-0.0062038,
3672,-0.01923917,
3673,-0.0039143,
3674,0.00354503,
3675,0.00472671,
3676,0.00140324,
3677,-0.00564989,
3678,-0.00195715,
3679,0.00454207,
3680,-0.00402509,
3681,0.00243721,
3682,-0.0107828,
3683,0.00398816,
3684,0.01100436,
3685,0.00372967,
3686,-0.00705313,
3687,0.00066469,
3688,0.00077548,
3689,-0.00140324,
3690,-0.00336039,
3691,0.00011078,
3692,-0.00299112,
3693,-0.00472671,
3694,-0.00875179,
3695,0.00502213,
3696,-0.00192022,
3697,-0.0012186,
3698,-0.00114475,
3699,-0.00140324,
3700,0.00118168,
3701,-0.00612995,
3702,0.00631458,
3703,-0.00096011,
3704,-0.00509598,
3705,0.00077548,
3706,-0.00594531,
3707,-0.00210486,
3708,-0.00834559,
3709,-0.00125553,
3710,-0.00971191,
3711,-0.00140324,
3712,-0.00354503,
3713,-0.00044313,
3714,-0.00125553,
3715,-0.00232643,
3716,-0.0062038,
3717,0.00450514,
3718,-0.00786554,
3719,0.00380352,
3720,0.00162481,
3721,0.00336039,
3722,-0.00709006,
3723,-0.00158788,
3724,0.00155095,
3725,0.00177252,
3726,0.00192022,
3727,-0.0026957,
3728,0.00125553,
3729,-0.00114475,
3730,-0.01488174,
3731,0.00066469,
3732,0.0031019,
3733,-0.00483749,
3734,-0.00299112,
3735,0.00952727,
3736,-0.00963805,
3737,0.00797632,
3738,0.00631458,
3739,-0.01048738,
3740,-0.00262185,
3741,0.00214179,
3742,-0.00062777,
3743,0.0107828,
3744,-0.00716391,
3745,-0.02193487,
3746,0.01484481,
3747,-0.00358196,
3748,-0.03519181,
3749,0.01240761,
3750,-0.09202307,
3751,-0.05025819,
3752,0.04508835,
3753,0.05395093,
3754,0.06584155,
3755,-0.00967498,
3756,0.04992584,
3757,0.02374432,
3758,-0.01750359,
3759,-0.01340464,
3760,-0.0951619,
3761,0.00151402,
3762,-0.07234077,
3763,-0.42617908,
3764,0.3420954,
3765,0.20775353,
3766,0.11990326,
3767,0.05867763,
3768,0.0273632,
3769,0.02773247,
3770,-0.00439436,
3771,-0.00321268,
3772,-0.01288766,
3773,-0.02134404,
3774,-0.00210486,
3775,-0.00753319,
3776,-0.00542833,
3777,-0.01067202,
3778,-0.0057976,
3779,-0.01964537,
3780,-0.02909879,
3781,-0.03131443,
3782,-0.03977081,
3783,0.04290963,
3784,0.03437941,
3785,-0.00468978,
3786,-0.0196823,
3787,0.00568682,
3788,0.02791711,
3789,0.02415052,
3790,0.00365581,
3791,-0.07850764,
3792,-0.02355968,
3793,0.03663198,
3794,0.05088595,
3795,0.01333079,
3796,-0.00236335,
3797,-0.01406934,
3798,-0.07861843,
3799,0.02422437,
3800,0.0450145,
3801,0.01192755,
3802,0.00631458,
3803,-0.01056124,
3804,-0.00084933,
3805,-0.00502213,
3806,-0.02839717,
3807,-0.04095248,
3808,0.03109287,
3809,0.01990387,
3810,-0.00169866,
3811,-0.03777673,
3812,-0.00709006,
3813,0.01177984,
3814,-0.01628498,
3815,0.02090091,
3816,0.02699393,
3817,0.0188699,
3818,-0.03124058,
3819,-0.01746666,
3820,0.02666158,
3821,-0.00653615,
3822,0.03533952,
3823,-0.04571612,
3824,-0.0277694,
3825,0.04220801,
3826,0.04039857,
3827,0.01196448,
3828,0.01322001,
3829,-0.0535078,
3830,-0.02056856,
3831,0.04959349,
3832,-0.00878872,
3833,-0.01370006,
3834,-0.01026582,
3835,-0.00428358,
3836,-0.00265877,
3837,-0.05055361,
3838,-0.02891415,
3839,0.05949004,
3840,0.04660237,
3841,-0.01240761,
3842,0.02064241,
3843,0.02392895,
3844,0.00011078,
3845,-0.01676504,
3846,0.03179449,
3847,-0.00365581,
3848,-0.01296152,
3849,-0.00195715,
3850,-0.03707511,
3851,-0.01510331,
3852,-0.00819788,
3853,-0.05542802,
3854,0.03330851,
3855,0.03208991,
3856,0.01410627,
3857,0.03197913,
3858,0.01868526,
3859,-0.05679434,
3860,-0.03689047,
3861,0.04180181,
3862,0.00284341,
3863,0.0470455,
3864,-0.00875179,
3865,-0.01166906,
3866,-0.00214179,
3867,-0.0250737,
3868,0.00542833,
3869,0.00494827,
3870,0.03537645,
3871,-0.02636616,
3872,-0.00468978,
3873,-0.0785815,
3874,0.04660237,
3875,0.02932035,
3876,0.0153618,
3877,0.03002197,
3878,-0.04121097,
3879,-0.00505905,
3880,-0.00668386,
3881,-0.01872219,
3882,0.05790216,
3883,-0.04361126,
3884,-0.00502213,
3885,0.04734092,
3886,0.03426862,
3887,-0.06477065,
3888,-0.00077548,
3889,0.00860408,
3890,0.02315348,
3891,-0.0508121,
3892,0.00915799,
3893,0.04386975,
3894,-0.04254036,
3895,0.00398816,
3896,0.03807215,
3897,0.04682394,
3898,-0.02097476,
3899,-0.01166906,
3900,-0.0173928,
3901,0.00177252,
3902,0.02134404,
3903,-0.00084933,
3904,0.02791711,
3905,0.01045045,
3906,0.01879604,
3907,-0.01166906,
3908,-0.04759941,
3909,0.04327891,
3910,0.0062038,
3911,-0.06798334,
3912,0.07211921,
3913,0.00624073,
3914,-0.00025849,
3915,-0.04194952,
3916,0.03792444,
3917,-0.0180575,
3918,-0.01484481,
3919,0.02703085,
3920,0.04833796,
3921,0.01081973,
3922,-0.0847853,
3923,0.05745903,
3924,0.03039125,
3925,-0.00712699,
3926,0.0103766,
3927,-0.01831599,
3928,-0.05923154,
3929,0.03888455,
3930,0.0230427,
3931,0.00598224,
3932,0.00723777,
3933,0.02618152,
3934,-0.07378094,
3935,0.01351543,
3936,0.05361858,
3937,0.00926878,
3938,-0.01096744,
3939,-0.00974883,
3940,-0.02968963,
3941,0.05609272,
3942,-0.00856716,
3943,0.01632191,
3944,-0.04981506,
3945,0.00328654,
3946,0.05199377,
3947,0.02644002,
3948,-0.08279122,
3949,0.05361858,
3950,-0.02023621,
3951,0.03042817,
3952,0.02060549,
3953,-0.00025849,
3954,-0.04235572,
3955,-0.06772485,
3956,0.05749596,
3957,0.03714896,
3958,0.03072359,
3959,0.0031019,
3960,-0.01222297,
3961,-0.00993347,
3962,0.00557604,
3963,-0.02684622,
3964,0.0311298,
3965,-0.00051698,
3966,-0.0165804,
3967,0.01414319,
3968,0.02093783,
3969,0.01565722,
3970,-0.02983734,
3971,0.04959349,
3972,-0.00745933,
3973,-0.01687582,
3974,-0.00878872,
3975,-0.04398053,
3976,0.00550218,
3977,0.05195685,
3978,0.03596728,
3979,-0.00014771,
3980,-0.08220038,
3981,0.02887722,
3982,0.05535417,
3983,0.01953459,
3984,0.00963805,
3985,0.02163945,
3986,-0.05365551,
3987,-0.05239998,
3988,0.01706046,
3989,0.011189,
3990,0.02773247,
3991,0.00288034,
3992,0.00051698,
3993,-0.03833064,
3994,0.07632893,
3995,0.0057976,
3996,0.01466018,
3997,-0.01802057,
3998,0.03245918,
3999,-0.00694235,
4000,-0.00343425,
4001,0.03973388,
4002,0.03714896,
4003,-0.00716391,
4004,0.03604114,
4005,-0.02112247,
4006,0.06233345,
4007,-0.05912076,
4008,0.02743706,
4009,0.02544298,
4010,-0.02544298,
4011,-0.00561296,
4012,0.00878872,
4013,0.02248878,
4014,-0.00247414,
4015,-0.0582345,
4016,0.05358165,
4017,-0.05036897,
4018,0.06994049,
4019,-0.00624073,
4020,0.00764397,
4021,-0.00679464,
4022,-0.02186102,
4023,0.02669851,
4024,-0.00598224,
4025,0.01277688,
4026,-0.0570159,
4027,0.02175024,
4028,0.05339702,
4029,-0.03330851,
4030,0.03076052,
4031,0.0146971,
4032,0.00635151,
4033,0.03943846,
4034,-0.00694235,
4035,0.01683889,
4036,-0.00790246,
4037,0.00376659,
4038,0.00107089,
4039,-0.09050905,
4040,0.03282846,
4041,0.01418012,
4042,0.02001465,
4043,-0.04988891,
4044,-0.01333079,
4045,0.00435743,
4046,0.00096011,
4047,0.01100436,
4048,-0.02138096,
4049,0.01277688,
4050,-0.01573107,
4051,0.01746666,
4052,-0.00745933,
4053,-0.01285073,
4054,0.04372204,
4055,-0.04774712,
4056,0.05321238,
4057,-0.02064241,
4058,-0.02839717,
4059,0.02488907,
4060,0.00254799,
4061,-0.09560503,
4062,0.07355937,
4063,0.00302805,
4064,0.03035432,
4065,0.00144017,
4066,-0.04383282,
4067,-0.02138096,
4068,0.04150639,
4069,-0.04730399,
4070,0.04143254,
4071,-0.01059816,
4072,-0.02581225,
4073,-0.01270302,
4074,-0.02680929,
4075,-0.02042085,
4076,0.03559801,
4077,-0.00284341,
4078,0.00214179,
4079,0.00011078,
4080,-0.00044313,
4081,-0.06606311,
4082,0.02703085,
4083,0.02662465,
4084,-0.03530259,
4085,0.02950499,
4086,-0.01299844,
4087,0.03611499,
4088,-0.0485226,
4089,0.03530259,
4090,-0.02932035,
4091,0.00642537,
4092,0.01835292,
4093,0.00132939,
4094,-0.00893643,
4095,0.00502213,
4096,0.00062777,
4097,-0.0095642,
4098,0.00096011,
4099,0.00771783,
4100,-0.01953459,
4101,0.08629933,
4102,0.00192022,
4103,-0.06883267,
4104,0.03437941,
4105,-0.02230415,
4106,0.05147679,
4107,-0.00173559,
4108,0.0072747,
4109,-0.00096011,
4110,-0.01259224,
4111,0.01059816,
4112,-0.00742241,
4113,0.0173928,
4114,-0.01562029,
4115,0.02311655,
4116,0.00841945,
4117,-0.06237037,
4118,-0.0547264,
4119,0.11259163,
4120,0.04863338,
4121,0.00454207,
4122,0.00945341,
4123,0.01377392,
4124,-0.09457106,
4125,0.08094485,
4126,-0.00476363,
4127,0.00631458,
4128,0.00084933,
4129,0.00265877,
4130,-0.01683889,
4131,-0.00468978,
4132,-0.02869259,
4133,-0.04656545,
4134,0.05731132,
4135,-0.01395856,
4136,-0.06650624,
4137,0.05173528,
4138,0.0311298,
4139,0.01395856,
4140,-0.02211951,
4141,0.04885495,
4142,0.01706046,
4143,0.00195715,
4144,-0.00011078,
4145,0.01528794,
4146,0.02754784,
4147,-0.02703085,
4148,-0.00339732,
4149,0.01979308,
4150,-0.05498489,
4151,0.02706778,
4152,-0.07488876,
4153,0.08367748,
4154,-0.03548723,
4155,0.04287271,
4156,0.0211594,
4157,0.01333079,
4158,0.0012186,
4159,-0.0358565,
4160,0.05044282,
4161,-0.06085635,
4162,0.01499252,
4163,0.00697928,
4164,0.01414319,
4165,0.00971191,
4166,-0.07123295,
4167,0.0682049,
4168,0.02703085,
4169,0.00912107,
4170,0.02167638,
4171,-0.03958617,
4172,0.01842677,
4173,0.00483749,
4174,0.01011811,
4175,-0.13448958,
4176,0.11100375,
4177,-0.00860408,
4178,0.01370006,
4179,0.01333079,
4180,0.01724509,
4181,-0.00243721,
4182,-0.10022095,
4183,0.05856685,
4184,-0.01890683,
4185,0.02865566,
4186,-0.00875179,
4187,0.07167608,
4188,0.0188699,
4189,-0.01011811,
4190,-0.01480789,
4191,0.00853023,
4192,-0.04759941,
4193,0.04242958,
4194,0.00299112,
4195,0.01691275,
4196,-0.06181646,
4197,0.06846339,
4198,-0.06846339,
4199,0.0566097,
4200,-0.08101871,
4201,0.07880306,
4202,-0.00384045,
4203,0.05491104,
4204,0.01639576,
4205,0.00697928,
4206,-0.00709006,
4207,-0.02743706,
4208,0.0250737,
4209,0.02175024,
4210,0.00317576,
4211,0.03271767,
4212,0.01004425,
4213,-0.00709006,
4214,-0.01724509,
4215,-0.04538377,
4216,0.04608539,
4217,0.01277688,
4218,-0.02636616,
4219,-0.09043519,
4220,0.05324931,
4221,0.02193487,
4222,-0.00502213,
4223,0.00509598,
4224,0.03718589,
4225,0.02592303,
4226,0.0103766,
4227,0.00136631,
4228,-0.00062777,
4229,-0.00723777,
4230,-0.00232643,
4231,0.0122599,
4232,-0.07005127,
4233,0.03105594,
4234,0.00118168,
4235,0.00162481,
4236,0.00243721,
4237,0.00372967,
4238,-0.03755516,
4239,-0.1005533,
4240,0.12433454,
4241,0.0188699,
4242,0.02595996,
4243,0.01554643,
4244,0.0130723,
4245,-0.04113712,
4246,0.03042817,
4247,0.0095642,
4248,-0.00638844,
4249,-0.00513291,
4250,-0.03142521,
4251,0.0200885,
4252,-0.02200873,
4253,0.02463057,
4254,-0.05657277,
4255,0.05339702,
4256,-0.03035432,
4257,0.03079745,
4258,-0.0308713,
4259,0.01333079,
4260,0.03718589,
4261,0.02175024,
4262,0.00114475,
4263,0.01240761,
4264,0.00155095,
4265,-0.00328654,
4266,-0.08009552,
4267,-0.16115116,
4268,0.15162389,
4269,0.04239265,
4270,0.03954924,
4271,0.01610034,
4272,-0.02950499,
4273,-0.00612995,
4274,0.01056124,
4275,-0.01133671,
4276,0.00668386,
4277,-0.00712699,
4278,0.01296152,
4279,-0.03740745,
4280,0.03725974,
4281,0.00819788,
4282,0.01731895,
4283,-0.00509598,
4284,-0.00989654,
4285,0.00059084,
4286,-0.00587146,
4287,-0.04047243,
4288,-0.00816095,
4289,0.00834559,
4290,-0.01713431,
4291,0.06621082,
4292,0.01480789,
4293,0.00103397,
4294,0.00317576,
4295,-0.06270272,
4296,0.04922422,
4297,0.02946806,
4298,0.01063509,
4299,-0.00003693,
4300,0.01436476,
4301,0.004579,
4302,-0.06465987,
4303,0.07119602,
4304,-0.02577532,
4305,0.02470443,
4306,0.03149907,
4307,-0.00649922,
4308,0.01318308,
4309,0.00520676,
4310,-0.01399548,
4311,-0.02559069,
4312,0.0296527,
4313,-0.00051698,
4314,-0.0057976,
4315,0.01410627,
4316,-0.05291696,
4317,0.03079745,
4318,-0.00003693,
4319,0.00915799,
4320,-0.01528794,
4321,0.00107089,
4322,-0.03759209,
4323,0.02536912,
4324,0.0093057,
4325,0.00088626,
4326,-0.01351543,
4327,0.05764367,
4328,-0.0022895,
4329,0.00099704,
4330,-0.02743706,
4331,0.00328654,
4332,-0.06617389,
4333,0.05546495,
4334,0.03076052,
4335,0.01358928,
4336,-0.1059447,
4337,0.07614429,
4338,0.0173928,
4339,0.01362621,
4340,0.00132939,
4341,0.0041728,
4342,-0.06196417,
4343,0.03437941,
4344,0.00476363,
4345,0.00432051,
4346,-0.02392895,
4347,0.04593768,
4348,-0.01554643,
4349,-0.02629231,
4350,0.01694967,
4351,-0.03718589,
4352,0.02451979,
4353,-0.02219337,
4354,0.0107828,
4355,0.00262185,
4356,0.01454939,
4357,-0.01019196,
4358,-0.01262917,
4359,0.02248878,
4360,0.00254799,
4361,-0.09985168,
4362,0.10428297,
4363,0.038146,
4364,-0.00668386,
4365,-0.06100406,
4366,-0.05904691,
4367,0.07872921,
4368,0.02607074,
4369,-0.00635151,
4370,0.03482253,
4371,0.00871487,
4372,-0.04756249,
4373,0.01964537,
4374,-0.03615192,
4375,0.0095642,
4376,0.01868526,
4377,-0.05199377,
4378,0.02167638,
4379,-0.02127018,
4380,-0.01816828,
4381,-0.04922422,
4382,0.10199347,
4383,0.02145482,
4384,-0.00642537,
4385,0.02499985,
4386,-0.02138096,
4387,-0.01525101,
4388,0.02518448,
4389,0.00841945,
4390,0.0012186,
4391,-0.00974883,
4392,0.01713431,
4393,0.00801325,
4394,0.02684622,
4395,-0.04113712,
4396,0.00661,
4397,0.01285073,
4398,0.0022895,
4399,0.00372967,
4400,-0.01414319,
4401,0.00952727,
4402,0.00967498,
4403,-0.01233375,
4404,0.03659505,
4405,-0.01045045,
4406,0.0022895,
4407,0.00926878,
4408,-0.05768059,
4409,0.00690542,
4410,0.01277688,
4411,0.03818293,
4412,0.02182409,
4413,-0.00003693,
4414,-0.00336039,
4415,0.00819788,
4416,0.00195715,
4417,-0.02544298,
4418,0.02130711,
4419,-0.09752525,
4420,0.08836726,
4421,0.00483749,
4422,0.01410627,
4423,0.0031019,
4424,0.00217872,
4425,-0.02887722,
4426,0.01296152,
4427,-0.01676504,
4428,0.00985961,
4429,0.02784326,
4430,-0.01573107,
4431,0.02577532,
4432,-0.00173559,
4433,0.00483749,
4434,0.00288034,
4435,-0.00280648,
4436,-0.01466018,
4437,0.02337504,
4438,-0.02625538,
4439,0.00125553,
4440,0.01724509,
4441,0.00668386,
4442,-0.06920194,
4443,0.04752556,
4444,0.00805017,
4445,0.00616688,
4446,0.01314615,
4447,-0.08094485,
4448,-0.00140324,
4449,0.03208991,
4450,0.00262185,
4451,0.00446821,
4452,-0.00317576,
4453,-0.07540574,
4454,0.04512528,
4455,0.03072359,
4456,0.01048738,
4457,-0.00642537,
4458,0.03039125,
4459,-0.02186102,
4460,0.00697928,
4461,0.01654347,
4462,-0.11384716,
4463,0.07426099,
4464,0.00347118,
4465,-0.00336039,
4466,0.00435743,
4467,0.00468978,
4468,-0.03917997,
4469,0.06152104,
4470,-0.02226722,
4471,-0.04091556,
4472,-0.00753319,
4473,0.0350441,
4474,0.01621113,
4475,-0.01355235,
4476,0.00834559,
4477,-0.03367779,
4478,0.04471908,
4479,-0.00291726,
4480,0.01720817,
4481,0.00816095,
4482,-0.00542833,
4483,-0.00749626,
4484,0.00033235,
4485,-0.00576067,
4486,-0.01358928,
4487,-0.06772485,
4488,0.08700095,
4489,0.01447554,
4490,0.022378,
4491,0.02795404,
4492,-0.03146214,
4493,0.05025819,
4494,0.00232643,
4495,-0.00468978,
4496,0.00195715,
4497,0.00576067,
4498,-0.01240761,
4499,-0.0031019,
4500,-0.0062038,
4501,-0.12466689,
4502,0.09261391,
4503,0.07042055,
4504,-0.03002197,
4505,0.05070132,
4506,0.01539872,
4507,0.0080871,
4508,-0.0053914,
4509,-0.03567186,
4510,0.0273632,
4511,0.00790246,
4512,-0.0885519,
4513,0.06004395,
4514,0.01019196,
4515,-0.00136631,
4516,0.00103397,
4517,0.00380352,
4518,-0.05653584,
4519,0.06731864,
4520,-0.00653615,
4521,0.04194952,
4522,-0.00011078,
4523,0.01011811,
4524,-0.00760704,
4525,-0.0385522,
4526,-0.015768,
4527,0.05897305,
4528,0.02282113,
4529,-0.0130723,
4530,0.00051698,
4531,-0.01189062,
4532,0.0057976,
4533,-0.00354503,
4534,-0.04796869,
4535,0.08947508,
4536,-0.01081973,
4537,-0.04146947,
4538,0.0620011,
4539,0.00882565,
4540,-0.00361888,
4541,-0.05860378,
4542,0.02832331,
4543,0.01838984,
4544,-0.05288003,
4545,0.0173928,
4546,0.02570147,
4547,0.01650655,
4548,0.01229682,
4549,-0.03689047,
4550,-0.00723777,
4551,0.00420972,
4552,0.0192761,
4553,-0.00834559,
4554,-0.05084902,
4555,0.04335276,
4556,0.00690542,
4557,-0.00494827,
4558,0.01322001,
4559,-0.02477828,
4560,-0.02396588,
4561,0.01997772,
4562,0.02167638,
4563,-0.0258861,
4564,0.04815332,
4565,-0.03663198,
4566,-0.01484481,
4567,0.01824213,
4568,-0.0420603,
4569,0.05254769,
4570,-0.00306497,
4571,0.01011811,
4572,-0.01517716,
4573,0.00151402,
4574,0.02802789,
4575,0.02518448,
4576,-0.00321268,
4577,-0.0400293,
4578,-0.00805017,
4579,0.05384014,
4580,0.00856716,
4581,0.00088626,
4582,-0.01303537,
4583,0.00059084,
4584,0.00025849,
4585,0.00439436,
4586,-0.04516221,
4587,0.03124058,
4588,-0.00749626,
4589,-0.00321268,
4590,0.00771783,
4591,0.00919492,
4592,-0.01244453,
4593,-0.04076785,
4594,0.05051668,
4595,-0.06768792,
4596,-0.01909146,
4597,0.08463759,
4598,0.02134404,
4599,0.02632923,
4600,0.00819788,
4601,-0.01085665,
4602,-0.00014771,
4603,0.00262185,
4604,0.01488174,
4605,0.00446821,
4606,-0.03707511,
4607,0.02522141,
4608,-0.02138096,
4609,0.04058321,
4610,-0.03279153,
4611,-0.01022889,
4612,0.01510331,
4613,0.0192761,
4614,0.02433515,
4615,0.01602649,
4616,-0.08312357,
4617,0.05712668,
4618,-0.04878109,
4619,0.0781753,
4620,0.02839717,
4621,-0.00446821,
4622,0.01129978,
4623,-0.02463057,
4624,0.03216376,
4625,-0.0416541,
4626,0.01709738,
4627,-0.01425398,
4628,0.05092288,
4629,0.00745933,
4630,0.00372967,
4631,0.00583453,
4632,-0.02226722,
4633,0.0039143,
4634,-0.02267342,
4635,0.00985961,
4636,0.02618152,
4637,0.01285073,
4638,-0.07802759,
4639,0.031536,
4640,0.06318278,
4641,0.00786554,
4642,-0.00945341,
4643,-0.00155095,
4644,-0.03297617,
4645,-0.00598224,
4646,0.01595264,
4647,-0.00413587,
4648,0.01041353,
4649,0.04198645,
4650,0.00384045,
4651,0.00897336,
4652,0.01096744,
4653,-0.00712699,
4654,-0.033567,
4655,0.02016236,
4656,0.00420972,
4657,-0.01240761,
4658,-0.07928312,
4659,0.08958586,
4660,0.02754784,
4661,0.01288766,
4662,-0.00823481,
4663,0.00343425,
4664,-0.03482253,
4665,0.01166906,
4666,0.02618152,
4667,0.00251106,
4668,-0.00502213,
4669,-0.01912839,
4670,0.02171331,
4671,0.02230415,
4672,0.03035432,
4673,0.02241493,
4674,-0.01875912,
4675,-0.0358565,
4676,0.04047243,
4677,0.02186102,
4678,0.01802057,
4679,-0.00354503,
4680,0.00096011,
4681,0.00594531,
4682,-0.03197913,
4683,-0.03482253,
4684,0.05036897,
4685,0.01325694,
4686,-0.04298349,
4687,0.03090823,
4688,0.0338255,
4689,-0.00893643,
4690,-0.03892148,
4691,0.04128483,
4692,0.01709738,
4693,0.00709006,
4694,0.00690542,
4695,-0.05247383,
4696,-0.01709738,
4697,0.05516953,
4698,0.00550218,
4699,-0.00937956,
4700,-0.00934263,
4701,-0.01838984,
4702,0.0230427,
4703,0.00195715,
4704,0.01890683,
4705,-0.00875179,
4706,0.01019196,
4707,0.00339732,
4708,-0.00853023,
4709,0.00934263,
4710,-0.02625538,
4711,-0.01325694,
4712,-0.05749596,
4713,0.08663167,
4714,-0.04815332,
4715,0.07559038,
4716,0.0261446,
4717,0.02433515,
4718,0.01750359,
4719,-0.00144017,
4720,0.02282113,
4721,-0.09054598,
4722,-0.0176513,
4723,0.05217841,
4724,-0.04859645,
4725,0.09538347,
4726,0.02451979,
4727,0.01211219,
4728,-0.00384045,
4729,-0.0018833,
4730,-0.00546525,
4731,-0.01879604,
4732,-0.01333079,
4733,-0.00317576,
4734,0.05247383,
4735,-0.01687582,
4736,0.00790246,
4737,-0.00413587,
4738,0.05018433,
4739,-0.0578283,
4740,0.00546525,
4741,0.02138096,
4742,0.01141057,
4743,0.00546525,
4744,-0.00132939,
4745,-0.02758477,
4746,-0.00376659,
4747,0.0277694,
4748,-0.0338255,
4749,0.00402509,
4750,0.03253304,
4751,-0.02673544,
4752,-0.0331608,
4753,0.03079745,
4754,-0.00742241,
4755,-0.06772485,
4756,0.09593738,
4757,-0.01281381,
4758,-0.00328654,
4759,0.05454176,
4760,-0.00380352,
4761,0.0257384,
4762,-0.07363323,
4763,0.06669088,
4764,-0.09634358,
4765,0.06724479,
4766,-0.04058321,
4767,-0.02448286,
4768,-0.02211951,
4769,0.04106326,
4770,0.06706015,
4771,0.00974883,
4772,0.00635151,
4773,-0.0004062,
4774,0.01480789,
4775,-0.04250343,
4776,0.01543565,
4777,-0.02175024,
4778,-0.02706778,
4779,0.05845607,
4780,0.0130723,
4781,-0.02433515,
4782,-0.01473403,
4783,0.00871487,
4784,-0.03201605,
4785,0.06262886,
4786,-0.05468947,
4787,0.04667623,
4788,0.01392163,
4789,0.00568682,
4790,-0.05923154,
4791,0.03818293,
4792,0.04981506,
4793,0.00649922,
4794,0.01646962,
4795,-0.01669118,
4796,0.03899533,
4797,-0.01702353,
4798,-0.02112247,
4799,0.02200873,
4800,0.00805017,
4801,-0.0211594,
4802,0.04036164,
4803,-0.00317576,
4804,-0.00542833,
4805,0.02112247,
4806,-0.09169073,
4807,-0.02093783,
4808,0.03135136,
4809,0.04276193,
4810,0.0377398,
4811,0.0088995,
4812,0.01709738,
4813,-0.05804987,
4814,-0.00066469,
4815,0.03142521,
4816,-0.05564959,
4817,0.0327546,
4818,0.01207526,
4819,-0.05690512,
4820,-0.04741478,
4821,0.0628135,
4822,0.05365551,
4823,0.00528062,
4824,0.01203833,
4825,0.00158788,
4826,0.00343425,
4827,-0.00860408,
4828,0.00151402,
4829,-0.00912107,
4830,-0.03829371,
4831,-0.06750328,
4832,0.03593036,
4833,-0.09881771,
4834,0.12451918,
4835,-0.12987365,
4836,0.12706717,
4837,0.0497412,
4838,0.02263649,
4839,0.00912107,
4840,-0.00265877,
4841,0.00764397,
4842,-0.01742973,
4843,-0.0072747,
4844,0.00114475,
4845,-0.00875179,
4846,-0.00542833,
4847,-0.13825617,
4848,-0.08618854,
4849,0.0682049,
4850,0.05624042,
4851,0.03770287,
4852,0.01802057,
4853,0.01392163,
4854,0.00871487,
4855,0.01850063,
4856,-0.01971923,
4857,-0.00132939,
4858,-0.02005158,
4859,-0.14656484,
4860,0.02961577,
4861,0.00299112,
4862,0.10956359,
4863,-0.02293191,
4864,0.06067171,
4865,-0.01768822,
4866,-0.10313822,
4867,0.1074218,
4868,0.00192022,
4869,-0.05664663,
4870,-0.07621815,
4871,0.1451616,
4872,0.02448286,
4873,0.02097476,
4874,0.00236335,
4875,-0.00324961,
4876,0.00192022,
4877,-0.00472671,
4878,-0.07540574,
4879,0.00982269,
4880,0.02850795,
4881,-0.05830836,
4882,0.06635853,
4883,-0.00450514,
4884,-0.01004425,
4885,-0.02810175,
4886,0.06377361,
4887,0.02411359,
4888,0.02145482,
4889,-0.00420972,
4890,-0.05494797,
4891,-0.0261446,
4892,0.04844874,
4893,0.00524369,
4894,0.0041728,
4895,-0.09346324,
4896,0.09128452,
4897,-0.02256264,
4898,0.03836756,
4899,-0.02267342,
4900,0.03995544,
4901,-0.09302011,
4902,0.10206732,
4903,-0.00616688,
4904,-0.08607776,
4905,0.05790216,
4906,0.0312775,
4907,-0.0393646,
4908,0.01731895,
4909,-0.08629933,
4910,0.02895108,
4911,0.01410627,
4912,-0.00299112,
4913,-0.08467452,
4914,0.04870724,
4915,0.04571612,
4916,0.00265877,
4917,-0.1182046,
4918,0.08319742,
4919,0.01654347,
4920,-0.00033235,
4921,-0.06982971,
4922,-0.04331584,
4923,0.03253304,
4924,0.01598956,
4925,0.02019929,
4926,0.00439436,
4927,-0.0555388,
4928,0.02470443,
4929,0.02710471,
4930,0.00675771,
4931,0.01281381,
4932,-0.02042085,
4933,-0.02533219,
4934,0.02666158,
4935,-0.04039857,
4936,0.06381054,
4937,-0.03449019,
4938,0.04128483,
4939,-0.00096011,
4940,0.03364086,
4941,-0.0771044,
4942,0.05638813,
4943,-0.00217872,
4944,0.0039143,
4945,-0.00062777,
4946,-0.05949004,
4947,-0.00949034,
4948,0.05764367,
4949,0.01137364,
4950,-0.01816828,
4951,-0.05302774,
4952,-0.09113681,
4953,0.03197913,
4954,0.00132939,
4955,0.0820896,
4956,0.02599689,
4957,-0.05051668,
4958,0.00365581,
4959,-0.01137364,
4960,-0.00985961,
4961,0.0636259,
4962,0.03493332,
4963,-0.00841945,
4964,-0.04254036,
4965,-0.01525101,
4966,0.01521409,
4967,-0.10557543,
4968,0.06248115,
4969,0.08138798,
4970,0.00136631,
4971,-0.02522141,
4972,0.05997009,
4973,-0.06063478,
4974,-0.03164678,
4975,0.04970428,
4976,-0.02555376,
4977,-0.08245888,
4978,-0.03888455,
4979,-0.11757683,
4980,0.15347026,
4981,0.03659505,
4982,-0.00306497,
4983,0.00236335,
4984,0.00302805,
4985,-0.01259224,
4986,-0.08847804,
4987,0.0847853,
4988,0.01395856,
4989,0.00439436,
4990,-0.01011811,
4991,-0.06078249,
4992,-0.03862606,
4993,-0.09132145,
4994,0.08471145,
4995,0.07961547,
4996,0.00454207,
4997,0.01133671,
4998,-0.00177252,
4999,-0.01554643,
5000,0.0095642,
5001,-0.069682,
5002,-0.04918729,
5003,0.09154302,
5004,0.01502945,
5005,0.04723014,
5006,0.01528794,
5007,0.00420972,
5008,-0.06174261,
5009,0.05184606,
5010,0.00797632,
5011,0.02448286,
5012,-0.08700095,
5013,-0.21262795,
5014,0.2519187,
5015,0.00096011,
5016,0.02211951,
5017,-0.27710318,
5018,-0.03999237,
5019,0.21979186,
5020,0.02101169,
5021,-0.00280648,
5022,0.00675771,
5023,-0.00949034,
5024,-0.0126661,
5025,-0.00273263,
5026,-0.00372967,
5027,-0.03611499,
5028,0.05494797,
5029,-0.03541337,
5030,0.01565722,
5031,-0.06288736,
5032,-0.05749596,
5033,0.13777612,
5034,-0.00472671,
5035,0.02847102,
5036,0.02145482,
5037,0.01362621,
5038,0.01233375,
5039,-0.1017719,
5040,0.12584857,
5041,0.00169866,
5042,0.00672079,
5043,0.00635151,
5044,-0.01713431,
5045,-0.03330851,
5046,0.03090823,
5047,-0.03039125,
5048,0.04331584,
5049,-0.00520676,
5050,-0.04785791,
5051,0.08286508,
5052,-0.02005158,
5053,-0.2029899,
5054,0.1463802,
5055,0.02019929,
5056,-0.00612995,
5057,-0.06672781,
5058,0.0897705,
5059,-0.01170598,
5060,-0.04113712,
5061,0.0153618,
5062,-0.01539872,
5063,-0.02182409,
5064,0.05136601,
5065,0.00125553,
5066,0.01299844,
5067,-0.03759209,
5068,-0.02906186,
5069,0.00993347,
5070,0.05369243,
5071,-0.07503647,
5072,0.04638081,
5073,0.0323484,
5074,-0.06916501,
5075,0.00764397,
5076,-0.09446028,
5077,0.03825678,
5078,-0.05568651,
5079,0.09235542,
5080,0.02618152,
5081,0.00901028,
5082,-0.03762902,
5083,-0.05269539,
5084,0.11229621,
5085,-0.04290963,
5086,0.00982269,
5087,-0.07739982,
5088,-0.01355235,
5089,0.0392169,
5090,0.0646968,
5091,-0.08485916,
5092,-0.01824213,
5093,0.12034639,
5094,-0.02001465,
5095,0.00361888,
5096,-0.01189062,
5097,-0.01591571,
5098,0.01584185,
5099,0.0088995,
5100,-0.09737754,
5101,0.10225196,
5102,-0.00302805,
5103,-0.24438551,
5104,0.18400922,
5105,0.01480789,
5106,0.02090091,
5107,-0.02950499,
5108,0.03057588,
5109,0.02396588,
5110,0.02248878,
5111,0.00494827,
5112,-0.00601917,
5113,0.00557604,
5114,-0.10214118,
5115,-0.00409894,
5116,0.11218543,
5117,0.00587146,
5118,-0.00328654,
5119,0.04549455,
5120,0.00372967,
5121,0.00284341,
5122,0.00550218,
5123,-0.02145482,
5124,-0.09734062,
5125,0.08910581,
5126,0.00358196,
5127,-0.0093057,
5128,-0.00742241,
5129,0.01488174,
5130,0.00524369,
5131,-0.09313089,
5132,0.09146916,
5133,-0.09338939,
5134,0.06458602,
5135,0.04183874,
5136,0.00974883,
5137,0.0095642,
5138,-0.01244453,
5139,-0.02747398,
5140,0.04759941,
5141,-0.08212653,
5142,0.06030244,
5143,0.00372967,
5144,-0.10937895,
5145,0.05624042,
5146,-0.03648427,
5147,0.04848567,
5148,-0.10417219,
5149,0.10040559,
5150,0.00528062,
5151,-0.0450145,
5152,0.07891385,
5153,0.00864101,
5154,0.00661,
5155,-0.04102634,
5156,0.02832331,
5157,-0.00520676,
5158,-0.00901028,
5159,0.00354503,
5160,0.01628498,
5161,-0.00288034,
5162,0.00162481,
5163,-0.03881069,
5164,0.02832331,
5165,0.01639576,
5166,0.03792444,
5167,-0.00782861,
5168,-0.00594531,
5169,0.00210486,
5170,0.00402509,
5171,-0.07374401,
5172,0.05590808,
5173,-0.00155095,
5174,0.01580493,
5175,0.01340464,
5176,0.01370006,
5177,0.0031019,
5178,-0.00217872,
5179,-0.06654317,
5180,0.09220771,
5181,-0.0277694,
5182,0.01768822,
5183,0.0053914,
5184,0.01491867,
5185,-0.08508072,
5186,0.0646968,
5187,0.02189795,
5188,-0.02533219,
5189,0.02946806,
5190,0.01170598,
5191,-0.04538377,
5192,0.03050203,
5193,0.02267342,
5194,0.00066469,
5195,-0.03862606,
5196,0.02315348,
5197,0.02740013,
5198,0.00513291,
5199,-0.01842677,
5200,-0.04054628,
5201,-0.04922422,
5202,0.1140318,
5203,0.00144017,
5204,-0.00280648,
5205,0.00989654,
5206,-0.05528031,
5207,-0.0103766,
5208,0.03714896,
5209,0.02134404,
5210,0.00435743,
5211,0.00217872,
5212,-0.01093051,
5213,-0.04036164,
5214,-0.08995514,
5215,0.07333781,
5216,0.06521378,
5217,-0.00937956,
5218,-0.00446821,
5219,-0.00672079,
5220,0.01484481,
5221,-0.01462325,
5222,-0.06030244,
5223,0.05454176,
5224,-0.09815302,
5225,0.05332316,
5226,0.04390667,
5227,-0.00435743,
5228,-0.00487442,
5229,0.03947539,
5230,0.01484481,
5231,-0.00993347,
5232,-0.01746666,
5233,-0.00520676,
5234,0.07474105,
5235,0.00118168,
5236,-0.01506638,
5237,-0.04556841,
5238,0.00247414,
5239,0.00937956,
5240,0.11454878,
5241,-0.01761437,
5242,0.00550218,
5243,0.00468978,
5244,-0.0026957,
5245,-0.01351543,
5246,0.00771783,
5247,-0.01067202,
5248,-0.01683889,
5249,-0.00753319,
5250,0.04036164,
5251,0.00816095,
5252,-0.00675771,
5253,-0.01174291,
5254,-0.14804193,
5255,0.16052339,
5256,-0.03530259,
5257,0.05324931,
5258,-0.00468978,
5259,-0.00247414,
5260,0.00140324,
5261,-0.0018833,
5262,-0.0338255,
5263,-0.01336772,
5264,-0.07208228,
5265,0.09759911,
5266,0.00003693,
5267,-0.03168371,
5268,-0.03596728,
5269,0.1209003,
5270,-0.00302805,
5271,-0.02071627,
5272,0.03604114,
5273,0.00354503,
5274,-0.00435743,
5275,-0.01336772,
5276,-0.00247414,
5277,0.00044313,
5278,0.01166906,
5279,0.01916532,
5280,-0.00144017,
5281,0.00324961,
5282,-0.04176489,
5283,0.01285073,
5284,-0.03615192,
5285,0.03460097,
5286,-0.03862606,
5287,-0.0008124,
5288,0.05627735,
5289,-0.00705313,
5290,0.00742241,
5291,0.00354503,
5292,-0.00099704,
5293,-0.17570055,
5294,0.13120304,
5295,-0.01100436,
5296,0.01890683,
5297,-0.02503677,
5298,-0.03589343,
5299,0.0308713,
5300,0.02496292,
5301,-0.00003693,
5302,-0.03556108,
5303,0.02333811,
5304,0.02651387,
5305,0.02090091,
5306,-0.03810907,
5307,0.02629231,
5308,0.02451979,
5309,-0.1544673,
5310,0.11772454,
5311,0.02906186,
5312,0.02710471,
5313,-0.02130711,
5314,0.02551683,
5315,-0.02097476,
5316,0.05236305,
5317,-0.02717856,
5318,0.02267342,
5319,-0.02440901,
5320,-0.03589343,
5321,0.06624775,
5322,0.02175024,
5323,-0.00967498,
5324,-0.02887722,
5325,0.02909879,
5326,0.00210486,
5327,-0.04427595,
5328,0.04970428,
5329,0.02108554,
5330,-0.12215583,
5331,0.05568651,
5332,0.0690173,
5333,-0.00476363,
5334,-0.02802789,
5335,0.01358928,
5336,-0.00668386,
5337,0.02632923,
5338,0.01322001,
5339,-0.02485214,
5340,-0.04287271,
5341,0.03290231,
5342,0.00709006,
5343,0.05376629,
5344,0.01281381,
5345,-0.06802026,
5346,0.08500687,
5347,0.02337504,
5348,-0.01473403,
5349,0.06384747,
5350,-0.02193487,
5351,-0.00915799,
5352,-0.00709006,
5353,-0.00158788,
5354,-0.04198645,
5355,-0.00217872,
5356,-0.00546525,
5357,-0.00816095,
5358,0.02780633,
5359,-0.0057976,
5360,-0.00003693,
5361,0.06344127,
5362,-0.05875149,
5363,0.06004395,
5364,0.03485946,
5365,-0.0188699,
5366,-0.00513291,
5367,-0.01731895,
5368,0.00616688,
5369,0.01923917,
5370,-0.07799066,
5371,-0.01395856,
5372,0.07795373,
5373,0.00476363,
5374,0.01525101,
5375,-0.042725,
5376,-0.011189,
5377,-0.02895108,
5378,0.06909116,
5379,0.02459365,
5380,0.02821253,
5381,-0.01340464,
5382,-0.04420209,
5383,0.02998505,
5384,-0.03205298,
5385,-0.00557604,
5386,-0.02850795,
5387,0.02189795,
5388,0.03172063,
5389,-0.00524369,
5390,0.00598224,
5391,0.01344157,
5392,-0.07555345,
5393,0.0771044,
5394,0.01414319,
5395,-0.04372204,
5396,0.00435743,
5397,0.03892148,
5398,-0.07248848,
5399,0.03197913,
5400,0.05605579,
5401,0.00435743,
5402,-0.03094516,
5403,0.00265877,
5404,0.03098209,
5405,-0.00841945,
5406,0.02555376,
5407,-0.06842647,
5408,0.03593036,
5409,0.00214179,
5410,-0.06953429,
5411,0.03220069,
5412,-0.04327891,
5413,0.01787286,
5414,0.02152867,
5415,-0.01558336,
5416,0.0516245,
5417,0.02053163,
5418,0.01650655,
5419,-0.00509598,
5420,-0.01595264,
5421,-0.08016938,
5422,0.02422437,
5423,0.03109287,
5424,0.00845637,
5425,-0.00901028,
5426,-0.02562761,
5427,-0.0781753,
5428,0.01466018,
5429,0.05232612,
5430,-0.0173928,
5431,0.03168371,
5432,-0.00107089,
5433,-0.00528062,
5434,0.00771783,
5435,-0.02415052,
5436,0.07093753,
5437,0.04715629,
5438,-0.00801325,
5439,0.00494827,
5440,-0.07562731,
5441,-0.05136601,
5442,0.05044282,
5443,0.04678701,
5444,-0.01340464,
5445,-0.05867763,
5446,0.04815332,
5447,0.02477828,
5448,-0.0265508,
5449,0.00690542,
5450,0.00439436,
5451,0.02699393,
5452,-0.0935371,
5453,0.02396588,
5454,0.042725,
5455,-0.03205298,
5456,0.02540605,
5457,-0.06004395,
5458,0.04649159,
5459,-0.00502213,
5460,-0.01694967,
5461,0.05491104,
5462,-0.05177221,
5463,0.01669118,
5464,0.02274728,
5465,-0.00199408,
5466,0.01325694,
5467,-0.09641743,
5468,0.10387677,
5469,-0.03670583,
5470,0.04885495,
5471,0.00915799,
5472,-0.04198645,
5473,0.01898068,
5474,-0.03995544,
5475,-0.06045015,
5476,0.08227424,
5477,0.00937956,
5478,0.00989654,
5479,-0.02610767,
5480,-0.04364818,
5481,-0.00136631,
5482,0.03079745,
5483,0.05505875,
5484,0.02913572,
5485,-0.01240761,
5486,0.01580493,
5487,0.00254799,
5488,0.01768822,
5489,-0.05727439,
5490,-0.01850063,
5491,0.01779901,
5492,0.02533219,
5493,-0.00299112,
5494,-0.0273632,
5495,0.02943113,
5496,0.00723777,
5497,0.00107089,
5498,-0.04220801,
5499,-0.06454909,
5500,0.05018433,
5501,-0.07655049,
5502,-0.04686087,
5503,0.11440107,
5504,-0.00317576,
5505,-0.03633656,
5506,0.01562029,
5507,0.02090091,
5508,0.01521409,
5509,0.03242225,
5510,-0.03497024,
5511,0.00118168,
5512,0.01964537,
5513,-0.01499252,
5514,0.00605609,
5515,-0.05155065,
5516,-0.01133671,
5517,0.08231117,
5518,-0.01462325,
5519,0.00805017,
5520,0.00343425,
5521,-0.06347819,
5522,0.09870693,
5523,-0.00306497,
5524,0.02680929,
5525,-0.02625538,
5526,-0.00705313,
5527,0.02684622,
5528,0.00679464,
5529,0.01724509,
5530,-0.1279165,
5531,0.07983703,
5532,0.03615192,
5533,0.01336772,
5534,-0.08352977,
5535,0.04519913,
5536,0.03449019,
5537,0.00912107,
5538,-0.02060549,
5539,0.02758477,
5540,0.00358196,
5541,-0.03282846,
5542,0.04161718,
5543,0.00731162,
5544,-0.0242613,
5545,-0.02799097,
5546,0.03869991,
5547,-0.1260332,
5548,0.04730399,
5549,0.08574541,
5550,-0.00033235,
5551,0.02555376,
5552,-0.022378,
5553,0.049335,
5554,0.00505905,
5555,0.02485214,
5556,-0.03899533,
5557,-0.00841945,
5558,0.03179449,
5559,-0.05321238,
5560,0.00657308,
5561,-0.04076785,
5562,0.0665801,
5563,0.01454939,
5564,-0.02499985,
5565,0.00476363,
5566,-0.00398816,
5567,0.01499252,
5568,0.01000732,
5569,-0.0215656,
5570,-0.03578265,
5571,0.0516245,
5572,-0.03659505,
5573,0.04870724,
5574,0.00561296,
5575,0.01875912,
5576,-0.03869991,
5577,-0.00487442,
5578,0.03242225,
5579,0.01074587,
5580,-0.00782861,
5581,0.00096011,
5582,0.01683889,
5583,-0.03449019,
5584,0.0735963,
5585,-0.09076754,
5586,0.07322703,
5587,0.01528794,
5588,0.01059816,
5589,-0.02773247,
5590,-0.00048006,
5591,-0.06229652,
5592,0.0543202,
5593,0.00409894,
5594,-0.02592303,
5595,-0.06329356,
5596,-0.02112247,
5597,0.02703085,
5598,0.06436445,
5599,0.01484481,
5600,0.00631458,
5601,0.0196823,
5602,0.00616688,
5603,-0.01063509,
5604,0.00195715,
5605,-0.01543565,
5606,0.0088995,
5607,0.01728202,
5608,-0.00254799,
5609,-0.02470443,
5610,-0.04571612,
5611,0.0535078,
5612,-0.0690173,
5613,0.12197119,
5614,0.01129978,
5615,-0.00546525,
5616,-0.00875179,
5617,-0.00291726,
5618,0.02503677,
5619,0.00273263,
5620,-0.04372204,
5621,0.01318308,
5622,0.02503677,
5623,0.02928343,
5624,-0.03419477,
5625,0.02684622,
5626,-0.05505875,
5627,-0.00265877,
5628,0.07492569,
5629,0.0126661,
5630,-0.02629231,
5631,0.02891415,
5632,0.0153618,
5633,0.00243721,
5634,0.0200885,
5635,-0.03279153,
5636,-0.06115177,
5637,0.06465987,
5638,0.00066469,
5639,-0.01410627,
5640,-0.02204566,
5641,0.06558306,
5642,-0.0215656,
5643,0.03485946,
5644,0.04667623,
